5091,0,,,,,,,95282.57,515.59,45.72,24.54,23.26,2.35,nan,-13.73,1.15,0.69,0.01,-0.02,0.04,1.00,17.33,21.88
10246,1,,,,,,,99074.05,189.08,46.36,24.45,23.27,2.28,nan,-13.96,1.22,0.63,0.11,-0.02,0.04,1.00,18.50,21.83
15508,2,,,,,,,99077.57,188.79,46.35,24.37,23.25,2.58,nan,-13.69,0.89,0.77,0.11,-0.02,0.04,1.00,21.43,21.74
20631,3,,,,,,,99080.50,188.54,46.76,24.34,23.25,2.41,70.66,-14.77,1.34,0.62,0.21,-0.02,0.04,1.00,17.33,21.78
5522,0,,,,,,,95217.55,521.28,47.44,23.84,23.65,2.56,74.06,-15.34,1.33,0.76,0.10,-0.02,0.04,1.00,19.67,21.92
10647,1,,,,,,,99069.92,189.43,48.29,23.90,23.69,2.48,73.75,-15.04,0.96,0.85,0.00,-0.02,0.04,1.00,15.57,21.97
15771,2,,,,,,,99066.53,189.49,48.13,23.95,23.75,2.60,65.56,-15.08,0.84,0.83,0.29,-0.02,0.05,1.00,16.16,22.02
20897,3,,,,,,,99072.86,189.18,47.94,23.99,23.81,2.53,nan,-14.91,0.94,0.65,0.13,-0.02,0.04,1.00,2.69,21.97
26021,4,,,,,,,99077.37,189.03,47.95,24.03,23.84,1.80,80.94,-14.95,1.06,0.74,0.14,-0.02,0.03,1.00,19.08,22.02
31145,5,,,,,,,99076.88,188.84,47.78,24.08,23.88,2.43,86.12,-15.03,0.88,0.77,0.11,-0.03,0.04,1.00,19.08,22.02
36384,6,,,,,,,99076.20,188.90,48.08,24.11,23.90,2.49,nan,-15.91,1.08,0.66,0.05,-0.02,0.04,1.00,22.01,22.06
41507,7,,,,,,,99075.97,188.92,47.67,24.10,23.94,2.48,nan,-16.28,0.99,0.79,0.07,-0.02,0.04,1.00,20.26,22.06
5186,0,,,,,,,95220.16,521.05,46.43,24.40,23.46,3.51,59.59,-18.55,1.15,0.85,-0.12,-0.02,0.06,1.00,10.92,22.02
10309,1,,,,,,,99055.63,190.65,46.85,24.37,23.45,2.66,nan,-20.65,1.09,0.69,0.13,-0.02,0.05,1.00,10.92,22.02
15433,2,,,,,,,99053.98,190.79,47.13,24.36,23.45,2.61,nan,-20.92,1.25,0.69,-0.01,-0.02,0.05,1.00,-3.91,21.97
20561,3,,,,,,,99051.27,191.02,47.03,24.28,23.44,2.66,65.55,-19.72,1.32,0.71,0.04,-0.02,0.05,1.00,11.49,21.97
25686,4,,,,,,,99057.75,190.46,47.22,24.24,23.42,0.91,nan,-18.49,2.45,4.31,-0.32,-0.00,0.02,1.05,3.51,22.06
30809,5,,,,,,,99045.50,191.50,47.16,24.27,23.43,2.63,nan,-18.58,1.05,0.56,0.26,-0.02,0.05,1.00,1.80,21.92
36078,6,,,,,,,99061.52,190.15,47.12,24.28,23.43,2.61,nan,-19.28,0.99,0.78,0.28,-0.02,0.05,1.00,5.22,21.92
41205,7,,,,,,,99050.69,191.06,47.05,24.29,23.41,2.63,nan,-19.83,1.32,0.57,0.04,-0.02,0.05,1.00,2.94,21.92
46329,8,,,,,,,99052.78,190.89,47.00,24.30,23.42,2.71,74.55,-19.48,1.12,0.92,0.19,-0.02,0.05,1.00,-3.34,21.97
51454,9,,,,,,,99053.63,190.59,46.69,24.33,23.40,2.63,74.59,-18.40,1.04,0.67,0.07,-0.02,0.05,1.00,-1.63,21.83
56579,10,,,,,,,99050.32,191.10,46.93,24.35,23.42,2.59,nan,-17.91,1.17,0.74,0.12,-0.02,0.05,1.00,6.36,21.88
61702,11,,,,,,,99054.43,190.75,46.89,24.36,23.42,2.36,53.34,-19.57,1.26,0.74,0.03,-0.01,0.04,1.00,6.36,21.88
66830,12,,,,,,,99056.33,190.82,46.88,24.33,23.43,2.58,58.70,-19.49,1.11,0.88,0.18,-0.02,0.04,0.99,-3.34,21.97
72057,13,,,,,,,99052.57,190.90,46.86,24.36,23.43,2.50,nan,-18.90,1.28,0.84,-0.03,-0.02,0.04,1.00,0.65,21.92
77181,14,,,,,,,99049.86,191.13,47.34,24.34,23.44,2.61,nan,-19.89,1.32,0.82,0.08,-0.02,0.05,1.00,4.65,21.88
82305,15,,,,,,,99044.22,191.61,47.41,24.37,23.46,2.42,72.38,-18.88,1.44,0.68,-0.01,-0.02,0.04,1.01,1.22,22.02
5536,0,,,,,,,95862.60,464.96,58.19,19.50,18.61,2.49,68.58,87.85,0.45,1.12,0.29,-0.02,0.04,1.00,153.52,17.32
10663,1,,,,,,,98907.35,203.22,58.95,19.55,18.63,2.50,60.08,87.98,0.86,0.97,0.26,-0.02,0.04,1.00,136.98,17.32
15788,2,,,,,,,98905.32,203.40,58.78,19.60,18.66,2.45,44.09,86.20,0.83,0.95,0.33,-0.01,0.04,1.00,139.26,17.32
20912,3,,,,,,,98909.44,203.05,58.72,19.64,18.68,2.33,53.73,87.15,0.81,1.04,0.31,-0.01,0.04,1.00,142.68,17.32
26037,4,,,,,,,98910.05,203.00,57.69,19.68,18.68,2.53,nan,88.15,0.90,0.97,0.13,-0.01,0.04,1.00,145.53,17.35
31164,5,,,,,,,98905.52,202.69,58.47,19.71,18.70,2.47,63.82,88.17,0.82,1.03,0.06,-0.01,0.04,1.00,142.11,17.32
36289,6,,,,,,,98905.32,203.40,58.37,19.75,18.72,2.44,nan,88.58,0.67,0.93,0.55,-0.01,0.04,1.00,144.39,17.32
41478,7,,,,,,,98905.92,203.35,58.27,19.80,18.74,2.59,59.23,87.10,0.69,1.06,0.30,-0.02,0.05,1.00,150.67,17.32
46603,8,,,,,,,98906.57,203.29,58.17,19.82,18.75,2.58,nan,87.54,0.90,1.13,0.21,-0.02,0.04,1.00,142.68,17.32
51727,9,,,,,,,98908.21,203.15,58.12,19.85,18.76,2.60,nan,87.11,0.73,1.05,0.51,-0.02,0.05,1.00,138.69,17.35
56854,10,,,,,,,98915.24,202.55,58.03,19.87,18.78,2.48,nan,85.63,0.49,1.00,0.36,-0.01,0.04,1.00,148.39,17.32
61978,11,,,,,,,98913.16,202.73,57.97,19.89,18.78,2.63,nan,87.24,0.55,1.10,0.28,-0.01,0.05,1.00,148.39,17.32
67102,12,,,,,,,98908.63,202.89,57.91,19.93,18.80,2.40,nan,86.15,0.73,0.96,0.26,-0.01,0.04,1.00,135.27,17.35
72226,13,,,,,,,98916.48,202.45,57.86,19.94,18.81,2.58,nan,86.74,0.78,0.97,0.23,-0.02,0.04,1.00,145.53,17.39
77422,14,,,,,,,98955.73,199.12,57.70,19.96,18.81,2.51,58.97,86.08,0.92,0.93,0.13,-0.02,0.04,1.00,150.67,17.35
82550,15,,,,,,,98950.36,199.57,57.73,19.98,18.81,2.56,nan,86.35,1.19,1.01,0.34,-0.02,0.04,0.99,147.82,17.35
87674,16,,,,,,,98953.88,199.28,57.75,20.00,18.83,3.13,29.50,85.87,-0.41,0.66,0.84,-0.00,0.05,0.99,148.96,17.35
92800,17,,,,,,,98953.69,199.29,57.65,20.03,18.85,1.14,nan,87.91,0.38,1.05,0.01,-0.01,0.02,1.03,151.81,17.35
97923,18,,,,,,,98956.98,199.01,58.31,20.10,18.83,3.95,88.54,94.70,6.81,13.37,-10.11,-0.16,0.07,1.08,140.97,17.39
103051,19,,,,,,,98959.86,198.77,58.93,20.13,18.81,-0.45,-85.62,56.19,1.49,16.34,-25.88,0.12,-0.01,0.93,140.97,17.28
108194,20,,,,,,,99001.39,195.93,58.43,20.06,18.50,-14.62,-89.14,-7.99,-13.18,11.18,-17.41,0.23,-0.24,0.92,125.00,16.94
113423,21,,,,,,,99066.36,189.96,58.65,19.53,17.82,2.78,nan,48.54,-1.50,-6.65,-4.03,0.06,0.05,0.99,125.00,15.65
118547,22,,,,,,,99047.53,191.33,59.26,19.15,17.23,8.65,-75.32,97.39,12.92,30.59,6.77,0.02,0.16,1.06,116.44,15.08
123672,23,,,,,,,99054.20,190.77,60.30,18.47,16.61,26.59,nan,92.15,2.14,4.15,0.96,-0.03,0.46,0.91,108.46,14.56
128800,24,,,,,,,99052.27,190.93,61.75,17.86,16.04,34.67,-85.06,103.76,15.78,3.08,-2.57,0.10,0.57,0.82,109.03,14.09
133925,25,,,,,,,99025.38,193.21,63.14,17.38,15.62,31.31,nan,99.88,6.27,5.15,-2.78,0.19,0.50,0.82,117.01,13.75
139170,26,,,,,,,99019.80,193.68,64.50,16.94,15.29,10.31,nan,73.94,-3.23,-0.83,5.77,0.20,0.17,0.94,115.30,13.56
144294,27,,,,,,,99001.57,195.23,65.79,16.66,15.06,16.53,-88.87,87.80,-1.45,1.70,-2.81,0.35,0.26,0.89,114.73,13.30
149422,28,,0.00,0.00,0.00,0.00,0.00,98974.07,197.56,66.54,16.47,14.90,17.60,nan,92.36,5.37,5.38,5.66,0.37,0.28,0.87,123.86,13.20
154549,29,,0.00,0.00,0.00,0.00,0.00,98989.19,196.28,67.36,16.17,14.71,12.02,-89.22,81.87,0.48,2.49,0.78,0.22,0.20,0.94,121.01,13.00
159677,30,,0.00,0.00,0.00,0.00,0.00,98984.33,196.69,68.30,15.91,14.57,6.74,-87.80,74.07,-0.15,5.25,1.24,0.27,0.11,0.95,106.18,12.91
164805,31,,0.00,0.00,0.00,0.00,0.00,98976.25,197.38,69.14,15.72,14.45,9.67,nan,71.51,5.92,-18.06,-29.56,0.34,0.14,0.83,114.73,12.78
169952,32,,0.00,0.00,0.00,0.00,0.00,98983.83,196.96,69.92,15.46,14.32,7.70,-87.81,64.89,2.91,1.58,-4.18,0.24,0.13,0.95,124.43,12.75
175191,33,,0.00,0.00,0.00,0.00,0.00,98978.24,197.21,70.72,15.27,14.23,5.73,-88.86,66.60,-7.38,2.23,-11.48,0.43,0.09,0.88,103.32,12.62
180319,34,,0.00,0.00,0.00,0.00,0.00,98971.29,197.80,71.40,15.13,14.17,0.94,nan,44.34,-6.12,-23.96,13.77,0.22,0.02,1.01,107.89,12.62
185446,35,,0.00,0.00,0.00,0.00,0.00,98976.46,197.36,72.05,15.04,14.09,-4.59,nan,23.59,-1.39,3.87,1.26,0.16,-0.08,0.99,123.86,12.59
190577,36,,0.00,0.00,0.00,0.00,0.00,98971.16,197.81,72.46,15.04,14.02,-2.08,-87.65,30.77,-0.97,2.16,0.88,0.19,-0.04,0.97,111.88,12.46
195705,37,,0.00,0.00,0.00,0.00,0.00,98968.35,198.05,72.86,15.00,13.99,-6.83,-87.99,28.44,-14.19,14.64,-28.11,0.31,-0.11,0.95,118.15,12.46
200833,38,,0.00,0.00,0.00,0.00,0.00,98960.70,198.70,73.10,15.02,13.97,-2.89,-87.87,26.09,1.67,3.96,-3.37,0.21,-0.05,0.98,122.15,12.59
206055,39,,0.00,0.00,0.00,0.00,0.00,98952.07,199.43,73.25,14.98,14.00,-1.22,nan,23.64,0.08,-0.03,1.47,0.24,-0.02,0.97,110.74,12.81
211185,40,,0.00,0.00,0.00,0.00,0.00,98967.71,198.10,73.43,14.98,13.98,-0.57,nan,28.00,-1.65,0.80,-2.84,0.22,-0.01,0.96,103.32,12.78
216312,41,,0.00,0.00,0.00,0.00,0.00,98966.19,198.23,73.54,14.96,13.95,-4.31,-88.63,25.49,-5.36,1.09,7.27,0.23,-0.07,0.94,103.32,12.65
221440,42,,0.00,0.00,0.00,0.00,0.00,98964.71,198.36,73.66,14.96,13.94,-5.47,-88.45,23.47,0.81,1.15,1.01,0.26,-0.09,0.95,119.30,12.65
226568,43,,0.00,0.00,0.00,0.00,0.00,98962.25,198.57,73.81,14.96,13.95,-3.93,-88.00,30.08,-2.41,0.85,-5.78,0.29,-0.06,0.92,110.17,12.72
231699,44,,0.00,0.00,0.00,0.00,0.00,98958.57,198.88,73.79,14.95,13.94,-6.40,nan,28.75,3.61,2.82,9.32,0.31,-0.11,0.97,115.30,12.59
236974,45,,0.00,0.00,0.00,0.00,0.00,98960.39,198.72,74.03,14.92,13.92,-5.68,-88.83,26.26,0.11,-7.69,13.91,0.25,-0.09,0.93,113.59,12.59
242102,46,,0.00,0.00,0.00,0.00,0.00,98965.08,198.32,74.15,14.90,13.90,-1.96,nan,29.32,-1.40,1.47,1.83,0.28,-0.03,0.97,102.75,12.53
247229,47,,0.00,0.00,0.00,0.00,0.00,98964.40,198.38,74.26,14.90,13.87,-2.76,nan,31.39,0.59,0.60,-1.41,0.27,-0.05,0.96,121.01,12.46
252360,48,,0.00,0.00,0.00,0.00,0.00,98956.78,199.03,74.45,14.94,13.87,-3.45,-88.44,29.42,5.73,-7.88,0.86,0.31,-0.06,0.94,114.16,12.46
257488,49,,0.00,0.00,0.00,0.00,0.00,98963.92,198.42,74.51,14.96,13.84,0.16,nan,34.98,-4.13,16.73,-4.03,0.33,0.00,0.89,123.29,12.46
262615,50,,0.00,0.00,0.00,0.00,0.00,98965.10,198.32,74.57,14.99,13.82,1.70,-89.33,34.52,6.95,1.00,3.03,0.33,0.03,0.91,123.86,12.34
267746,51,,0.00,0.00,0.00,0.00,0.00,98967.09,198.60,74.66,15.03,13.82,1.76,-88.64,36.51,-6.60,5.84,-4.01,0.31,0.03,0.95,119.30,12.31
272987,52,,0.00,0.00,0.00,0.00,0.00,98960.96,198.68,74.54,15.05,13.81,2.88,nan,32.36,3.06,1.86,-0.51,0.29,0.05,0.93,126.14,12.34
278114,53,,0.00,0.00,0.00,0.00,0.00,98953.97,199.27,74.53,15.02,13.83,1.28,nan,34.97,-2.49,2.76,1.32,0.36,0.02,0.92,115.87,12.34
283241,54,,0.00,0.00,0.00,0.00,0.00,98950.13,199.59,74.54,14.95,13.87,1.79,nan,33.20,-0.20,1.65,-1.16,0.35,0.03,0.92,110.17,12.46
288371,55,,0.00,0.00,0.00,0.00,0.00,98958.60,198.87,74.73,14.86,13.90,2.15,nan,38.70,1.39,-3.38,-9.28,0.38,0.04,0.95,111.31,12.53
293498,56,,0.00,0.00,0.00,0.00,0.00,98963.59,198.45,74.95,14.89,13.88,8.55,nan,43.92,-2.20,2.21,7.64,0.41,0.14,0.93,118.15,12.50
298625,57,,0.00,0.00,0.00,0.00,0.00,98957.59,198.96,75.20,14.90,13.88,8.95,-88.85,51.37,-1.95,3.50,-5.81,0.40,0.14,0.89,121.58,12.53
303873,58,,0.00,0.00,0.00,0.00,0.00,98961.10,198.66,75.14,14.90,13.89,4.12,nan,39.32,-4.72,2.14,-7.42,0.39,0.06,0.89,119.30,12.56
309003,59,,0.00,0.00,0.00,0.00,0.00,98964.57,198.37,75.50,14.87,13.87,4.60,nan,47.37,4.68,1.37,9.75,0.40,0.07,0.88,108.46,12.62
314130,60,,0.00,0.00,0.00,0.00,0.00,98956.78,199.03,75.41,14.83,13.87,4.71,-88.52,40.98,-2.79,-3.61,9.73,0.40,0.08,0.92,113.59,12.56
319258,61,,0.00,0.00,0.00,0.00,0.00,98961.26,198.20,75.51,14.85,13.85,5.04,nan,40.36,-3.57,-8.44,-4.71,0.44,0.08,0.90,115.30,12.46
324385,62,,0.00,0.00,0.00,0.00,0.00,98950.77,199.54,75.57,14.85,13.86,-9.16,nan,58.16,-13.11,23.22,-47.61,0.30,-0.15,0.92,118.73,12.46
329516,63,,0.00,0.00,0.00,0.00,0.00,98941.77,200.30,76.05,15.01,13.99,-16.71,nan,117.58,-25.35,72.46,6.69,-0.39,-0.38,1.27,154.66,12.78
334739,64,,0.00,0.00,0.00,0.00,0.00,98938.57,200.80,76.18,15.14,14.14,1.66,64.64,109.50,0.41,1.60,0.37,-0.02,0.03,1.00,163.22,13.00
339919,65,,0.00,0.00,0.00,0.00,0.00,98937.66,200.65,75.93,15.21,14.29,1.71,69.93,109.51,0.80,1.55,0.41,-0.02,0.03,1.00,160.36,13.23
345047,66,,0.00,0.00,0.00,0.00,0.00,98943.92,200.12,75.82,15.28,14.43,1.80,78.75,108.80,0.52,1.50,0.35,-0.02,0.03,1.00,160.93,13.30
350178,67,,0.00,0.00,0.00,0.00,0.00,98942.35,200.25,75.50,15.36,14.53,1.70,nan,110.06,0.79,1.38,0.34,-0.02,0.03,1.00,162.65,13.46
355305,68,,0.00,0.00,0.00,0.00,0.00,98890.44,204.66,75.35,15.44,14.64,1.64,nan,108.56,0.41,1.32,0.54,-0.02,0.03,1.00,166.07,13.59
360432,69,,0.00,0.00,0.00,0.00,0.00,98900.67,203.79,75.20,15.50,14.75,1.63,nan,109.70,0.56,1.63,0.52,-0.02,0.03,1.01,168.35,13.75
365559,70,,0.00,0.00,0.00,0.00,0.00,98894.93,204.28,75.01,15.57,14.88,1.71,71.96,109.86,0.28,1.29,0.24,-0.02,0.03,1.00,170.63,13.75
370755,71,,0.00,0.00,0.00,0.00,0.00,98896.17,204.17,74.87,15.65,14.99,1.44,nan,108.84,0.40,1.27,0.44,-0.02,0.03,1.00,167.78,13.92
375882,72,,0.00,0.00,0.00,0.00,0.00,98899.22,203.92,74.87,15.72,15.08,1.76,nan,109.32,0.49,1.12,0.53,-0.02,0.03,1.00,164.93,14.12
381009,73,,0.00,0.00,0.00,0.00,0.00,98898.94,203.94,74.49,15.78,15.19,1.42,71.94,109.21,0.39,1.27,0.45,-0.02,0.02,1.00,176.90,14.09
386137,74,,0.00,0.00,0.00,0.00,0.00,98899.53,203.89,74.21,15.86,15.30,1.78,60.46,108.52,0.15,1.55,0.76,-0.02,0.03,1.00,171.77,14.26
391268,75,,0.00,0.00,0.00,0.00,0.00,98901.74,203.70,74.14,15.91,15.37,1.51,68.20,108.05,0.45,1.28,0.42,-0.02,0.03,1.01,162.07,14.36
396396,76,,0.00,0.00,0.00,0.00,0.00,98900.88,203.77,73.88,15.98,15.45,1.64,nan,108.82,0.51,1.26,0.33,-0.02,0.03,1.00,155.80,14.43
401673,77,,0.00,0.00,0.00,0.00,0.00,98902.63,203.85,73.37,16.02,15.52,1.65,nan,108.00,0.28,1.23,0.73,-0.02,0.03,1.00,170.63,14.56
406800,78,,0.00,0.00,0.00,0.00,0.00,98901.71,203.70,72.75,16.07,15.61,1.61,67.50,109.26,0.75,1.15,0.43,-0.02,0.03,1.00,166.07,14.60
411931,79,,0.00,0.00,0.00,0.00,0.00,98905.94,203.35,72.89,16.13,15.70,1.61,nan,109.42,0.51,1.29,0.41,-0.02,0.03,1.01,159.79,14.70
417058,80,,0.00,0.00,0.00,0.00,0.00,98899.47,203.89,72.69,16.17,15.81,1.43,64.89,108.62,0.66,1.33,0.37,-0.02,0.03,1.01,156.37,14.77
422187,81,,0.00,0.00,0.00,0.00,0.00,98906.20,203.32,72.48,16.23,15.89,1.51,nan,109.45,0.41,1.15,0.46,-0.02,0.03,1.00,165.50,14.84
427317,82,,0.00,0.00,0.00,0.00,0.00,98898.08,204.01,72.09,16.29,15.99,1.62,nan,109.84,0.31,1.32,0.50,-0.02,0.03,1.00,166.07,14.91
432444,83,,0.00,0.00,0.00,0.00,0.00,98901.28,203.74,71.83,16.36,16.11,1.59,71.58,107.82,0.62,1.47,0.38,-0.02,0.03,1.00,167.21,14.94
437688,84,,0.00,0.00,0.00,0.00,0.00,98899.78,203.87,71.57,16.41,16.24,1.61,nan,108.99,0.64,1.54,0.36,-0.02,0.03,1.00,165.50,15.12
442815,85,,0.00,0.00,0.00,0.00,0.00,98899.94,203.85,71.52,16.48,16.32,1.65,nan,109.24,0.31,1.21,0.35,-0.01,0.03,1.00,165.50,15.12
447945,86,,0.00,0.00,0.00,0.00,0.00,98902.50,203.64,71.29,16.53,16.42,1.53,48.75,108.96,-0.39,0.95,0.32,-0.01,0.03,1.00,173.48,15.26
453073,87,,0.00,0.00,0.00,0.00,0.00,98905.72,203.36,70.91,16.58,16.48,1.37,50.25,108.88,0.78,1.35,0.51,-0.01,0.02,1.00,174.62,15.29
458201,88,,0.00,0.00,0.00,0.00,0.00,98905.78,203.36,70.74,16.65,16.55,1.42,68.17,110.37,0.38,1.42,0.47,-0.01,0.02,1.00,167.21,15.43
463329,89,,0.00,0.00,0.00,0.00,0.00,98914.72,203.28,70.37,16.71,16.60,1.62,61.52,108.64,0.45,1.29,0.46,-0.02,0.03,1.00,168.35,15.43
468564,90,,0.00,0.00,0.00,0.00,0.00,98909.62,203.26,70.44,16.77,16.66,1.49,nan,109.49,0.38,1.24,0.29,-0.02,0.03,1.00,159.22,15.47
473692,91,,0.00,0.00,0.00,0.00,0.00,98902.68,203.39,70.33,16.83,16.72,1.38,nan,107.96,0.76,1.19,0.34,-0.02,0.02,1.00,170.06,15.54
478819,92,,0.00,0.00,0.00,0.00,0.00,98908.10,203.16,70.37,16.87,16.78,1.44,68.82,108.90,0.50,1.34,0.26,-0.02,0.03,1.00,175.19,15.65
483947,93,,0.00,0.00,0.00,0.00,0.00,98906.48,203.30,70.14,16.94,16.85,1.28,nan,109.36,0.41,1.29,0.68,-0.02,0.02,1.00,169.49,15.65
489077,94,,0.00,0.00,0.00,0.00,0.00,98902.02,204.13,70.14,16.98,16.91,1.48,64.45,108.13,0.31,1.38,0.46,-0.02,0.03,1.00,167.78,15.68
494205,95,,0.00,0.00,0.00,0.00,0.00,98901.24,203.74,70.08,17.03,16.98,1.29,80.15,109.85,0.46,1.13,0.31,-0.03,0.02,1.00,162.65,15.68
499385,96,,0.00,0.00,0.00,0.00,0.00,98904.82,203.89,69.44,17.10,17.06,1.22,nan,109.22,0.56,1.29,0.41,-0.02,0.02,1.01,158.65,15.83
504600,97,,0.00,0.00,0.00,0.00,0.00,98904.67,203.45,69.10,17.16,17.11,1.33,64.27,109.90,0.47,1.20,0.40,-0.02,0.02,1.00,169.49,15.83
509731,98,,0.00,0.00,0.00,0.00,0.00,98895.05,204.27,68.56,17.20,17.16,1.29,61.53,109.08,0.47,1.26,0.17,-0.01,0.02,1.00,168.92,15.86
514859,99,,0.00,0.00,0.00,0.00,0.00,98903.32,203.57,68.27,17.26,17.24,1.49,59.65,108.82,0.55,1.26,0.30,-0.01,0.03,1.01,169.49,15.97
519987,100,,0.00,0.00,0.00,0.00,0.00,98902.34,203.19,68.06,17.30,17.28,1.53,58.10,110.82,0.77,1.17,0.27,-0.02,0.03,1.00,159.22,15.97
525115,101,,0.00,0.00,0.00,0.00,0.00,98901.77,203.70,67.96,17.37,17.35,1.53,nan,110.51,0.62,1.16,0.47,-0.01,0.03,1.00,199.15,16.05
530246,102,,0.00,0.00,0.00,0.00,0.00,98907.98,203.17,67.85,17.44,17.41,1.43,70.66,109.92,0.32,1.01,0.30,-0.01,0.03,1.00,189.45,16.12
535443,103,,0.00,0.00,0.00,0.00,0.00,98903.73,203.53,68.15,17.50,17.48,1.73,nan,109.79,0.54,1.16,0.26,-0.02,0.03,1.00,188.88,16.19
540570,104,,0.00,0.00,0.00,0.00,0.00,98901.93,204.14,68.24,17.59,17.56,1.50,56.75,110.09,0.60,1.00,0.45,-0.01,0.03,1.00,188.31,16.19
545698,105,,0.00,0.00,0.00,0.00,0.00,98899.07,203.93,67.95,17.63,17.62,1.51,61.54,110.34,0.56,1.37,0.43,-0.01,0.03,1.01,193.45,16.30
550829,106,,0.00,0.00,0.00,0.00,0.00,98898.30,203.99,67.55,17.69,17.69,1.36,nan,109.90,0.60,1.31,0.31,-0.01,0.02,1.00,195.73,16.38
555956,107,,0.00,0.00,0.00,0.00,0.00,98912.54,202.78,67.36,17.76,17.74,1.46,nan,110.39,0.40,1.33,0.51,-0.01,0.03,1.00,184.89,16.38
561083,108,,0.00,0.00,0.00,0.00,0.00,98910.13,202.99,67.25,17.79,17.77,1.47,nan,110.11,0.35,1.11,0.21,-0.02,0.03,1.00,187.74,16.41
566282,109,,0.00,0.00,0.00,0.00,0.00,98905.18,203.41,66.69,17.79,17.83,1.83,70.99,109.74,0.21,0.96,0.48,-0.02,0.03,1.00,187.17,16.52
571478,110,,0.00,0.00,0.00,0.00,0.00,98904.38,203.25,66.66,17.89,17.90,1.93,-80.86,105.83,1.03,3.14,3.22,0.07,0.03,0.97,182.04,16.56
576606,111,,0.00,0.00,0.00,0.00,0.00,98891.00,204.61,65.96,17.95,18.04,-1.51,80.64,110.29,-6.87,2.87,12.41,-0.06,-0.03,1.02,189.45,16.71
581734,112,,0.00,0.00,0.00,0.00,0.00,98873.92,206.06,65.90,18.02,18.29,1.63,72.02,129.43,0.80,0.95,0.31,-0.03,0.03,1.00,147.24,16.78
586865,113,,0.00,0.00,0.00,0.00,0.00,98894.66,204.30,65.66,18.04,18.38,1.71,nan,129.91,0.58,1.14,0.26,-0.03,0.03,1.00,155.23,16.78
591992,114,,0.00,0.00,0.00,0.00,0.00,98906.07,203.33,65.48,18.10,18.41,1.64,69.14,130.86,0.43,1.38,0.17,-0.03,0.03,1.00,162.65,16.86
597120,115,,0.00,0.00,0.00,0.00,0.00,98908.35,203.14,65.40,18.14,18.41,2.11,nan,129.03,-0.08,13.55,-6.25,-0.03,0.04,1.00,160.36,16.94
602337,116,,0.00,0.00,0.00,0.00,0.00,98911.88,202.84,65.24,18.19,18.43,10.93,nan,54.55,-11.02,28.19,37.22,-0.00,0.17,0.86,143.25,16.94
607467,117,,0.00,0.00,0.00,0.00,0.00,98908.96,203.09,64.72,18.23,18.45,5.27,-88.76,87.90,16.77,-14.91,21.12,0.38,0.09,0.93,142.11,16.94
612595,118,,0.00,0.00,0.00,0.00,0.00,98896.99,204.10,64.68,18.41,18.54,6.78,nan,69.35,-4.66,14.39,-4.36,0.21,0.10,0.81,153.52,17.16
617723,119,,0.00,0.00,0.00,0.00,0.00,98881.53,205.19,64.04,18.57,18.66,16.42,-70.59,111.25,22.10,1.65,143.97,0.02,0.25,0.86,180.33,17.39
622851,120,,0.00,0.00,0.00,0.00,0.00,98877.22,205.78,63.74,18.75,18.78,11.04,nan,96.73,0.54,-15.26,8.27,0.28,0.15,0.76,154.09,17.51
627981,121,,0.00,0.00,0.00,0.00,0.00,98872.86,206.15,63.11,18.86,18.88,-0.37,nan,109.51,-32.67,-11.00,-13.21,0.25,-0.01,1.11,172.34,17.66
633253,122,,0.00,0.00,0.00,0.00,0.00,98879.49,205.59,62.60,18.92,18.96,4.07,-88.78,93.61,-15.55,-6.20,-14.27,0.37,0.05,0.76,150.67,17.70
638381,123,,0.00,0.00,0.00,0.00,0.00,98897.28,204.08,62.40,18.94,18.96,4.77,nan,58.47,-37.83,-0.77,-87.83,0.33,0.08,0.97,137.55,17.51
643508,124,,0.00,0.00,0.00,0.00,0.00,98887.35,204.92,62.25,18.99,18.94,6.96,nan,70.18,-2.73,-0.38,0.26,0.35,0.11,0.93,144.96,17.51
648639,125,,0.00,0.00,0.00,0.00,0.00,98891.28,204.59,62.67,19.03,18.90,16.49,-86.89,80.64,-3.19,-5.78,50.02,0.20,0.26,0.87,132.98,17.32
653767,126,,0.00,0.00,0.00,0.00,0.00,98939.22,200.29,62.62,19.09,18.95,14.69,nan,26.82,1.85,-4.17,16.80,0.18,0.25,0.95,135.27,17.59
658894,127,,0.00,0.00,0.00,0.00,0.00,99003.91,195.03,62.43,19.13,18.96,11.34,-88.14,43.85,5.98,1.58,-1.92,0.26,0.19,0.96,135.84,17.55
664039,128,,0.00,0.00,0.00,0.00,0.00,99036.99,192.68,62.07,19.17,18.96,10.76,-88.42,14.67,-2.56,0.06,2.96,0.28,0.18,0.93,128.42,17.51
669273,129,,0.00,0.00,0.00,0.00,0.00,99031.61,192.68,61.63,19.07,18.89,7.46,nan,5.15,9.27,18.16,-20.56,0.04,0.15,1.15,153.52,17.43
674400,130,,0.00,0.00,0.00,0.00,0.00,99004.74,194.96,61.36,19.14,18.97,-0.89,nan,63.60,57.67,49.74,-42.84,0.43,-0.02,1.11,117.01,17.63
679528,131,,0.00,0.00,0.00,0.00,0.00,98984.91,196.64,61.21,19.25,19.09,8.54,nan,48.77,-18.37,7.90,-33.73,0.32,0.15,1.02,152.95,17.86
684658,132,,0.00,0.00,0.00,0.00,0.00,98984.08,196.71,61.48,19.39,19.24,0.31,-87.90,41.97,-1.11,4.59,-3.75,0.15,0.01,1.00,169.49,18.10
689786,133,,0.00,0.00,0.00,0.00,0.00,98984.77,196.65,61.10,19.42,19.37,4.41,nan,111.85,0.04,-30.75,-1.21,0.05,0.08,1.00,166.07,18.18
694913,134,,0.00,0.00,0.00,0.00,0.00,98982.08,196.88,60.97,19.44,19.50,5.52,88.56,175.97,0.44,0.99,0.16,-0.37,0.09,0.93,152.95,18.30
700134,135,,0.00,0.00,0.00,0.00,0.00,98990.14,196.20,60.83,19.44,19.60,5.14,89.10,177.12,0.35,1.15,0.37,-0.37,0.08,0.94,148.96,18.46
705264,136,,0.00,0.00,0.00,0.00,0.00,99025.50,193.20,60.78,19.44,19.71,5.16,nan,176.36,0.62,1.04,0.25,-0.36,0.09,0.95,145.53,18.50
710391,137,,0.00,0.00,0.00,0.00,0.00,98995.30,195.76,60.75,19.44,19.80,5.23,nan,174.54,0.44,1.13,0.16,-0.36,0.09,0.95,148.39,18.50
715518,138,,0.00,0.00,0.00,0.00,0.00,98994.05,195.87,60.68,19.44,19.86,5.18,88.33,177.42,0.77,1.00,0.34,-0.37,0.09,0.94,151.81,18.54
720646,139,,0.00,0.00,0.00,0.00,0.00,98995.89,195.71,60.68,19.43,19.94,4.68,nan,174.30,1.10,0.93,0.09,-0.36,0.08,0.94,143.25,18.50
725776,140,,0.00,0.00,0.00,0.00,0.00,99009.13,195.50,60.85,19.42,20.00,4.78,88.39,173.79,0.96,1.03,-0.07,-0.36,0.08,0.95,150.67,18.54
730939,141,,0.00,0.00,0.00,0.00,0.00,99005.58,195.35,61.40,19.45,20.09,5.23,88.89,167.92,0.56,1.06,0.50,-0.37,0.09,0.94,142.68,18.66
736162,142,,0.00,0.00,0.00,0.00,0.00,98998.16,195.52,61.22,19.44,20.14,5.21,88.87,170.25,0.94,1.21,0.41,-0.36,0.09,0.94,163.22,18.70
741291,143,,0.00,0.00,0.00,0.00,0.00,98995.66,195.73,61.07,19.44,20.19,4.53,nan,169.89,0.64,0.95,0.31,-0.36,0.08,0.96,150.10,18.70
746422,144,,0.00,0.00,0.00,0.00,0.00,98996.67,195.65,60.74,19.44,20.26,5.19,88.57,171.40,0.60,1.14,0.25,-0.37,0.09,0.94,148.39,18.62
751550,145,,0.00,0.00,0.00,0.00,0.00,98999.35,195.42,61.05,19.44,20.30,5.03,nan,166.65,0.86,1.12,0.19,-0.36,0.08,0.94,142.11,18.74
756677,146,,0.00,0.00,0.00,0.00,0.00,98997.89,195.54,61.01,19.40,20.35,5.09,88.41,177.01,0.84,1.19,0.27,-0.37,0.08,0.94,139.83,18.66
761806,147,,0.00,0.00,0.00,0.00,0.00,99006.96,194.77,61.44,19.42,20.38,5.16,nan,173.70,0.87,1.10,0.14,-0.36,0.08,0.93,149.53,18.70
767034,148,,0.00,0.00,0.00,0.00,0.00,99001.16,195.26,60.89,19.44,20.43,5.37,88.53,177.26,0.82,0.93,0.21,-0.37,0.09,0.93,140.40,18.78
772162,149,,0.00,0.00,0.00,0.00,0.00,99003.22,195.09,60.30,19.45,20.47,4.80,88.59,179.78,0.85,1.23,0.17,-0.36,0.08,0.95,142.11,18.70
777290,150,,0.00,0.00,0.00,0.00,0.00,99004.42,194.99,60.95,19.49,20.51,4.30,nan,-170.83,1.99,5.36,-0.16,-0.32,0.07,0.95,115.30,18.90
782420,151,,0.00,0.00,0.00,0.00,0.00,99011.03,194.43,61.02,19.55,20.56,3.07,nan,-177.07,0.88,4.22,0.07,-0.23,0.05,0.99,118.73,18.90
787547,152,,0.00,0.00,0.00,0.00,0.00,99013.91,194.18,60.96,19.57,20.58,5.17,87.77,-169.39,0.80,2.07,0.10,-0.28,0.09,0.97,121.01,18.95
792679,153,,0.00,0.00,0.00,0.00,0.00,98996.53,195.66,61.11,19.59,20.62,3.71,88.61,-156.45,3.98,0.88,-0.25,-0.35,0.06,1.00,114.16,18.95
797952,154,,0.00,0.00,0.00,0.00,0.00,98999.61,195.39,61.12,19.65,20.66,4.10,nan,-154.99,0.56,1.14,0.21,-0.36,0.07,1.00,120.44,18.99
803082,155,,0.00,0.00,0.00,0.00,0.00,98993.56,195.91,61.23,19.65,20.71,6.26,88.48,-155.46,0.11,1.13,0.43,-0.34,0.10,0.93,123.86,19.11
808210,156,,0.00,0.00,0.00,0.00,0.00,98996.46,195.66,61.23,19.73,20.75,5.94,88.28,-158.32,1.58,-0.88,0.07,-0.36,0.10,0.95,95.34,19.11
813338,157,,0.00,0.00,0.00,0.00,0.00,99004.92,194.95,61.15,19.83,20.78,5.02,88.34,-160.49,0.54,5.91,-1.83,-0.31,0.08,0.95,93.63,19.11
818466,158,,0.00,0.00,0.00,0.00,0.00,99007.21,194.75,60.80,19.80,20.82,6.46,88.60,-168.13,1.16,3.98,0.15,-0.27,0.11,0.96,84.50,19.11
823597,159,,0.00,0.00,0.00,0.00,0.00,99008.39,194.65,60.88,19.72,20.83,6.54,87.82,-174.87,0.92,-0.60,0.29,-0.24,0.11,0.97,92.49,19.11
828725,160,,0.00,0.00,0.00,0.00,0.00,99007.38,194.74,60.86,19.65,20.84,6.35,89.02,-158.28,0.96,1.26,0.25,-0.31,0.11,0.97,143.25,18.95
833963,161,,0.00,0.00,0.00,0.00,0.00,99011.72,194.37,60.89,19.67,20.86,6.75,88.33,-159.96,0.72,1.04,0.36,-0.35,0.11,0.95,110.17,19.03
839091,162,,0.00,0.00,0.00,0.00,0.00,99012.32,194.32,60.78,19.67,20.88,7.07,nan,-155.01,0.81,1.24,0.39,-0.35,0.12,0.94,135.84,19.07
844221,163,,0.00,0.00,0.00,0.00,0.00,99010.25,194.49,60.66,19.63,20.89,6.92,88.48,-155.92,0.91,0.98,0.07,-0.35,0.11,0.95,142.11,19.07
849349,164,,0.00,0.00,0.00,0.00,0.00,99010.03,194.51,60.49,19.59,20.92,9.67,nan,-145.86,0.88,0.83,1.17,-0.52,0.15,0.87,168.35,19.15
5092,0,,0.00,0.00,0.00,0.00,0.00,95592.08,488.77,59.35,19.53,20.91,4.97,nan,-153.75,0.79,0.87,0.20,-0.38,0.08,0.95,175.19,20.00
10355,1,,0.00,0.00,0.00,0.00,0.00,99010.67,194.46,60.51,19.52,20.92,5.41,89.05,-152.79,0.65,0.97,0.50,-0.38,0.09,0.94,147.82,19.70
15486,2,,0.00,0.00,0.00,0.00,0.00,99028.49,192.95,60.63,19.49,20.93,5.18,89.07,-150.58,0.81,1.24,0.32,-0.38,0.08,0.93,150.10,19.53
20614,3,,0.00,0.00,0.00,0.00,0.00,99027.47,193.03,60.65,19.45,20.92,5.06,88.72,-151.42,0.78,1.28,0.32,-0.37,0.08,0.94,150.10,19.32
25742,4,,0.00,0.00,0.00,0.00,0.00,99016.89,193.93,60.85,19.45,20.93,5.18,89.24,-154.59,0.61,1.08,0.35,-0.37,0.09,0.94,145.53,19.28
30870,5,,0.00,0.00,0.00,0.00,0.00,99021.24,193.56,60.73,19.43,20.92,5.28,nan,-154.38,0.49,1.12,0.29,-0.38,0.09,0.94,145.53,19.11
36001,6,,0.00,0.00,0.00,0.00,0.00,99011.50,194.39,60.81,19.40,20.92,5.25,nan,-158.74,0.67,1.12,0.26,-0.37,0.09,0.94,156.94,19.11
41260,7,,0.00,0.00,0.00,0.00,0.00,99016.89,193.93,60.80,19.37,20.91,4.87,88.87,-157.53,1.13,1.24,0.09,-0.37,0.08,0.95,152.95,18.99
46388,8,,0.00,0.00,0.00,0.00,0.00,99016.06,194.00,60.87,19.33,20.92,5.36,nan,-155.78,1.12,1.61,0.14,-0.37,0.09,0.95,149.53,18.95
5543,0,,,,,,,95576.47,489.90,60.16,19.28,20.99,4.92,88.44,-155.06,0.76,1.14,0.17,-0.37,0.08,0.95,171.77,18.90
10668,1,,,,,,,99020.36,194.09,61.21,19.27,20.98,5.00,88.51,-155.73,0.76,1.09,0.32,-0.37,0.08,0.95,148.39,18.86
15792,2,,,,,,,99018.71,193.77,61.29,19.30,20.98,5.45,nan,-161.04,0.83,1.16,0.16,-0.37,0.09,0.94,150.10,18.86
20916,3,,,,,,,99024.94,193.25,61.25,19.31,20.98,5.27,88.49,-155.46,0.73,1.29,0.44,-0.37,0.09,0.95,147.24,18.78
26041,4,,,,,,,99019.55,193.71,61.26,19.30,20.97,5.51,nan,-153.03,0.46,0.99,0.39,-0.37,0.09,0.93,151.24,18.78
31168,5,,,,,,,99025.16,193.23,61.28,19.30,20.96,5.39,89.56,-152.82,0.74,1.12,0.20,-0.37,0.09,0.94,146.67,18.78
36293,6,,,,,,,99018.12,193.82,61.46,19.31,20.96,5.50,nan,-160.32,0.39,0.92,0.39,-0.37,0.09,0.94,160.36,18.78
41417,7,,,,,,,99018.12,193.14,61.38,19.30,20.95,5.48,88.81,-158.85,0.69,1.11,0.24,-0.38,0.09,0.94,150.10,18.86
46542,8,,,,,,,99025.36,193.21,61.33,19.28,20.96,5.22,88.74,-152.65,0.80,1.21,0.27,-0.37,0.09,0.94,149.53,18.86
51667,9,,,,,,,99020.82,193.60,61.65,19.26,20.96,5.99,nan,-158.70,-0.15,1.01,0.40,-0.36,0.10,0.91,149.53,18.74
56795,10,,0.00,0.00,0.00,0.00,0.00,99020.82,194.05,61.58,19.29,20.95,5.50,nan,-153.65,0.95,1.07,0.36,-0.37,0.09,0.94,157.51,18.90
62040,11,,0.00,0.00,0.00,0.00,0.00,99014.58,194.13,61.58,19.30,20.96,5.17,nan,-154.54,1.18,0.98,0.09,-0.37,0.09,0.95,156.94,18.78
