10659,0,15,26,47,34.543769,-117.863632,888.00,0.15,89811.57,1006.02,71.75,0.00,11.95,-0.58,2.48,57.60,0.42,1.20,0.60,-0.04,-0.01,1.00,5.76,nan
26578,1,15,27,3,34.543777,-117.863624,887.90,0.30,91622.44,841.15,73.00,0.00,12.03,-0.33,2.62,55.66,0.45,1.48,0.56,-0.05,-0.01,1.00,-5.22,nan
31784,2,15,27,8,34.543777,-117.863624,887.90,0.39,91632.11,840.04,72.73,0.00,12.05,-0.53,1.92,56.19,0.33,1.57,0.38,-0.03,-0.01,1.00,-10.71,nan
36908,3,15,27,13,34.543773,-117.863632,887.90,0.33,91628.00,840.41,72.63,0.00,12.09,-0.49,2.47,56.16,0.20,1.35,0.61,-0.04,-0.01,1.00,5.76,nan
42030,4,15,27,18,34.543781,-117.863624,887.90,0.31,91634.16,839.86,72.58,0.00,12.09,-0.46,2.68,56.05,0.37,1.55,0.49,-0.05,-0.01,1.00,-10.71,nan
47153,5,15,27,23,34.543781,-117.863616,887.90,0.19,91633.38,839.93,72.67,0.00,12.09,-0.52,2.63,56.09,0.25,1.40,0.60,-0.05,-0.01,1.00,0.27,nan
5598,0,15,27,39,34.543796,-117.863616,887.90,0.30,89770.02,1009.60,70.07,0.00,12.17,-0.39,2.73,55.70,0.32,1.52,0.44,-0.05,-0.01,1.00,0.27,nan
21877,1,15,27,55,34.543804,-117.863616,888.00,0.33,91633.18,839.95,71.71,0.00,12.20,-0.07,1.84,56.43,0.47,1.29,0.40,-0.03,-0.00,1.00,5.76,nan
5714,0,23,59,50,0.000000,0.000000,0.00,0.00,89795.99,1007.21,72.00,0.00,12.02,0.40,2.48,62.18,0.06,1.49,0.49,-0.04,0.01,1.00,-10.71,18.10
5604,0,15,31,2,0.000000,0.000000,0.00,0.00,89793.39,1007.21,71.09,ovf,12.06,0.44,2.55,61.39,0.30,1.52,0.35,-0.04,0.01,1.00,0.27,17.94
21394,1,15,31,17,0.000000,0.000000,0.00,0.00,91657.91,838.19,73.36,ovf,11.95,0.45,2.42,62.59,0.21,1.45,0.52,-0.04,0.01,1.00,-16.20,0.87
5608,0,15,31,36,34.540916,-117.867095,181.80,0.83,89793.39,1007.93,71.72,-0.04,12.11,0.42,2.64,61.96,0.38,1.50,0.46,-0.05,0.01,1.00,-10.71,-9.86
21397,1,15,31,52,34.540916,-117.867080,181.80,0.83,91634.57,839.82,73.29,-0.04,12.15,0.75,1.83,64.32,0.30,1.59,0.56,-0.03,0.01,1.00,0.27,-18.46
5718,0,23,59,48,0.000000,0.000000,0.00,0.00,89403.82,1043.28,64.12,0.00,14.77,21.24,-7.29,135.47,1.04,0.08,0.80,0.13,0.36,0.92,115.56,nan
5609,0,15,42,15,34.543674,-117.863639,887.50,0.96,89531.08,1031.56,63.74,0.00,13.96,7.51,0.43,89.07,0.25,1.50,0.79,-0.01,0.13,0.99,11.25,16.65
22256,1,15,42,32,34.543663,-117.863616,889.20,0.30,91655.44,837.94,66.24,0.00,13.94,3.19,1.18,104.28,0.31,1.46,0.51,-0.02,0.06,1.00,-10.71,0.27
27380,2,15,42,37,34.543663,-117.863624,889.40,0.28,91663.77,837.18,66.21,0.00,13.93,3.13,1.18,105.14,0.13,1.52,0.47,-0.02,0.05,1.00,0.27,-10.11
32504,3,15,42,42,34.543666,-117.863624,889.50,1.11,91662.24,837.80,66.54,0.00,13.93,3.14,1.47,104.38,0.42,1.63,0.64,-0.03,0.06,1.01,-10.71,-18.53
37805,4,15,42,48,34.543674,-117.863647,889.80,1.39,91656.92,837.80,66.00,0.00,13.96,3.12,1.29,104.47,0.52,1.33,0.49,-0.02,0.05,1.00,0.27,-26.34
42929,5,15,42,53,34.543674,-117.863670,890.50,1.04,91658.10,837.69,65.77,0.00,13.99,3.42,0.90,105.27,0.34,1.27,0.56,-0.02,0.06,1.00,-10.71,-34.58
48054,6,15,42,58,34.543674,-117.863670,890.60,0.41,91657.39,837.76,65.77,0.00,14.01,3.07,1.34,104.71,0.25,1.24,0.57,-0.02,0.05,1.01,-5.22,-44.98
64728,7,15,43,15,34.543678,-117.863677,890.60,0.35,91645.28,839.33,66.20,0.00,14.07,12.19,10.98,148.30,0.21,2.15,0.60,-0.19,0.21,0.98,-16.20,-67.12
69915,8,15,43,20,34.543670,-117.863677,890.60,0.15,91646.50,838.74,66.80,0.00,14.11,12.18,8.77,143.47,0.57,1.43,0.13,-0.15,0.21,0.97,-5.22,nan
75040,9,15,43,25,34.543670,-117.863677,890.60,0.19,91652.66,838.19,66.88,0.00,14.14,12.35,7.77,140.86,0.55,1.14,1.15,-0.14,0.21,0.98,-5.22,nan
80164,10,15,43,30,34.543674,-117.863677,890.60,0.11,91641.32,839.21,66.98,0.00,14.19,11.98,6.39,139.55,0.03,2.82,-1.20,-0.11,0.21,0.98,0.27,nan
85291,11,15,43,35,34.543674,-117.863670,890.50,0.80,91659.64,837.56,66.44,0.00,14.19,6.17,1.01,108.54,0.52,1.15,0.44,-0.02,0.11,0.99,0.27,nan
90414,12,15,43,40,34.543678,-117.863670,890.50,0.93,91667.62,836.84,66.03,0.00,14.17,6.25,0.97,109.32,0.36,1.61,0.33,-0.02,0.11,1.00,-5.22,nan
5712,0,23,59,49,0.000000,0.000000,0.00,0.00,89520.69,1032.51,63.28,0.00,14.06,7.22,0.17,85.32,0.49,1.44,0.56,-0.00,0.13,0.99,-10.71,nan
5711,0,23,59,48,0.000000,0.000000,0.00,0.00,88923.39,1087.63,49.02,0.00,17.93,7.48,2.84,35.85,-2.49,1.81,0.00,-0.05,0.13,1.00,115.56,nan
21076,1,16,12,8,0.000000,0.000000,0.00,0.00,91672.52,836.39,51.26,0.00,17.75,8.57,0.59,29.61,1.98,-0.25,1.57,-0.01,0.15,0.99,115.56,nan
26199,2,16,12,13,0.000000,0.000000,0.00,0.00,91652.19,838.23,52.05,0.00,17.72,9.40,1.00,20.47,-1.49,4.17,-0.14,-0.02,0.16,0.99,115.56,nan
31321,3,16,12,18,0.000000,0.000000,0.00,0.00,91663.64,837.20,52.29,0.00,17.58,12.31,2.60,21.41,1.69,4.44,8.77,-0.05,0.22,1.01,115.56,nan
36443,4,16,12,23,0.000000,0.000000,0.00,0.00,91671.63,836.47,52.09,0.00,17.41,13.31,1.33,22.70,6.70,-4.72,2.82,-0.02,0.23,0.98,110.07,nan
41771,5,16,12,29,0.000000,0.000000,0.00,0.00,91685.68,835.21,52.54,0.00,17.12,10.64,-0.25,26.12,1.95,3.17,0.10,0.00,0.19,0.99,132.03,nan
46934,6,16,12,34,34.545921,-117.863777,181.80,0.87,91666.02,836.74,52.95,0.00,16.94,11.87,3.51,56.65,8.93,-8.08,34.29,-0.06,0.21,0.99,126.54,nan
63406,7,16,12,50,34.545894,-117.863784,181.80,0.43,91709.82,833.03,53.98,0.00,16.51,2.13,-8.13,18.60,0.22,3.16,-0.05,0.14,0.04,0.99,121.05,nan
68699,8,16,12,56,34.545906,-117.863792,181.80,0.72,91671.32,836.50,54.26,0.00,16.34,10.53,-4.21,21.19,5.57,-3.15,23.94,0.07,0.18,0.99,121.05,nan
73823,9,16,13,0,34.545894,-117.863792,181.80,0.98,91668.47,836.76,54.62,0.00,16.16,9.56,-2.30,18.75,0.19,0.43,2.97,0.04,0.17,0.98,121.05,nan
78947,10,16,13,6,34.545879,-117.863792,181.80,0.57,91641.63,839.18,54.85,0.00,16.16,6.35,-11.48,16.37,-21.98,14.42,-32.00,0.20,0.11,1.00,115.56,nan
84080,11,16,13,11,34.545917,-117.863807,181.80,0.41,91628.28,840.39,55.18,0.00,16.37,-3.73,7.00,177.21,0.51,17.45,2.60,-0.12,-0.07,1.01,121.05,nan
89206,12,16,13,16,34.545944,-117.863822,181.80,1.98,91568.94,845.75,54.77,0.00,16.90,-25.84,15.89,7.03,14.10,-3.32,-24.85,-0.28,-0.42,0.87,115.56,nan
105262,13,16,13,32,34.544418,-117.863265,219.20,0.15,91457.79,855.79,51.99,0.00,18.09,-11.19,-3.28,81.57,2.64,0.88,5.16,0.06,-0.20,0.99,126.54,nan
110385,14,16,13,37,34.544498,-117.863075,225.00,0.22,91634.68,839.81,51.96,0.00,18.16,-14.89,2.85,71.42,-0.31,-0.11,-2.70,-0.05,-0.26,0.97,126.54,nan
115687,15,16,13,43,34.544639,-117.863067,230.00,0.54,91632.00,840.05,52.26,0.00,18.24,-7.33,1.22,76.97,-12.77,-16.85,-4.30,-0.02,-0.13,1.01,121.05,nan
120814,16,16,13,48,34.544586,-117.863006,236.90,0.11,91633.54,839.91,51.28,0.00,18.29,-8.13,2.35,74.87,1.23,1.06,0.59,-0.04,-0.14,1.00,121.05,nan
125938,17,16,13,53,34.544544,-117.862976,242.20,0.44,91638.52,839.46,50.95,0.00,18.29,-8.76,4.31,76.60,0.11,0.25,2.03,-0.08,-0.15,0.99,115.56,nan
131062,18,16,13,58,34.543560,-117.862358,298.20,0.02,91662.63,837.29,50.73,0.00,18.22,-5.50,3.72,82.40,1.79,0.17,-1.18,-0.06,-0.10,0.99,121.05,nan
147702,19,16,14,15,34.543548,-117.863281,637.60,0.30,91500.00,851.98,48.84,0.00,19.20,-9.34,9.01,158.36,34.00,1.68,34.23,-0.15,-0.15,0.94,115.56,nan
152826,20,16,14,20,34.543540,-117.863372,676.70,0.39,91593.64,843.52,47.98,0.00,19.59,-5.06,3.49,149.63,8.72,3.62,1.81,-0.06,-0.09,1.01,126.54,nan
157950,21,16,14,25,34.543556,-117.863418,701.10,0.44,91601.57,842.80,46.89,0.00,19.93,-2.08,1.38,144.51,-5.85,2.04,-0.42,-0.02,-0.04,0.99,121.05,nan
163078,22,16,14,30,34.543571,-117.863456,719.70,0.11,91587.21,843.37,45.72,0.00,20.37,-1.69,1.34,135.56,-2.77,1.09,1.48,-0.02,-0.03,1.00,115.56,nan
168202,23,16,14,35,34.543640,-117.863525,741.90,0.22,91606.13,842.39,45.53,0.00,20.73,-0.47,5.38,136.79,-2.04,2.81,-2.62,-0.10,-0.01,1.01,115.56,nan
173326,24,16,14,40,34.543643,-117.863533,744.20,0.20,91595.83,843.32,44.89,0.00,21.14,-0.97,0.82,130.15,-0.32,5.88,-0.21,-0.01,-0.02,0.98,132.03,nan
190477,25,16,14,57,34.543663,-117.863540,744.90,0.35,91478.22,853.95,42.18,0.00,22.31,5.65,1.16,117.36,45.10,-19.84,37.50,-0.02,0.10,1.05,121.05,nan
195766,26,16,15,3,34.543659,-117.863548,749.70,0.69,91572.46,845.43,41.74,0.00,22.79,-4.09,-0.91,115.81,8.94,7.67,-29.61,0.02,-0.07,0.98,121.05,nan
200890,27,16,15,8,34.543659,-117.863548,749.90,0.22,91614.13,841.67,41.59,0.00,23.06,0.69,4.46,111.96,2.52,2.35,-1.09,-0.08,0.01,1.00,126.54,nan
206014,28,16,15,13,34.543655,-117.863548,750.10,0.41,91608.67,842.16,41.31,0.00,23.30,-0.53,-0.64,102.87,-2.34,-1.32,-1.29,0.01,-0.01,0.98,121.05,nan
211140,29,16,15,18,34.543655,-117.863548,750.20,0.20,91616.36,841.47,40.35,0.00,23.48,1.17,-0.74,106.40,3.63,4.60,2.63,0.01,0.02,1.00,115.56,nan
216264,30,16,15,23,34.543655,-117.863548,750.40,0.31,91668.13,836.79,39.66,0.00,23.37,8.11,0.96,113.65,-1.39,-2.27,-2.07,-0.02,0.14,0.99,110.07,nan
233537,31,16,15,40,34.543666,-117.863548,751.20,0.11,91534.44,848.38,38.75,0.00,24.10,6.79,-0.21,118.81,2.09,-0.03,1.09,0.00,0.12,0.99,121.05,nan
238786,32,16,15,46,34.543670,-117.863555,751.60,0.11,91634.89,839.79,38.46,0.00,24.20,6.57,1.16,117.25,2.51,4.81,-1.78,-0.02,0.11,0.99,121.05,nan
243911,33,16,15,51,34.543674,-117.863555,752.20,0.17,91640.08,839.32,38.55,0.00,24.26,8.04,1.78,122.37,1.86,2.91,-4.03,-0.03,0.14,0.97,121.05,nan
249035,34,16,15,56,34.543674,-117.863555,752.50,0.33,91600.55,842.89,38.49,0.00,24.57,7.60,2.23,124.48,-0.75,-3.23,-0.73,-0.04,0.13,1.01,121.05,nan
254159,35,16,16,1,34.543674,-117.863555,752.80,0.19,91623.42,840.83,38.31,0.00,24.72,5.87,0.90,120.39,1.27,3.22,0.40,-0.02,0.10,0.99,104.58,nan
259283,36,16,16,6,34.543678,-117.863555,753.10,0.37,91626.61,840.54,38.18,0.00,24.86,5.05,1.98,118.48,1.45,1.08,0.04,-0.03,0.09,1.01,104.58,nan
275546,37,16,16,22,34.543678,-117.863555,754.10,0.09,91591.84,843.68,37.23,0.00,25.25,0.29,2.09,113.06,2.32,2.46,-1.63,-0.04,0.01,1.00,115.56,nan
280779,38,16,16,28,34.543682,-117.863555,754.30,0.13,91645.82,838.80,36.63,0.00,25.30,-0.08,2.50,111.32,3.05,0.38,3.26,-0.04,-0.00,1.00,121.05,nan
285903,39,16,16,33,34.543682,-117.863555,754.50,0.06,91652.69,838.18,36.45,0.00,25.35,3.55,3.14,116.02,4.28,-0.37,1.84,-0.05,0.06,0.99,110.07,nan
291030,40,16,16,38,34.543682,-117.863555,754.80,0.13,91631.26,840.12,36.39,0.00,25.49,1.46,1.74,117.12,-1.59,2.17,1.04,-0.03,0.03,1.00,104.58,nan
296153,41,16,16,43,34.543682,-117.863555,755.00,0.00,91665.39,837.04,36.12,0.00,25.35,-26.84,-6.46,59.41,2.49,-4.62,-5.61,0.11,-0.44,0.86,121.05,nan
301276,42,16,16,48,34.543685,-117.863555,755.30,0.04,91646.75,838.72,36.48,0.00,25.41,1.85,-0.25,110.34,-0.40,4.15,2.14,0.00,0.03,0.99,115.56,nan
318524,43,16,17,5,34.543685,-117.863555,756.10,0.11,91642.35,840.09,36.25,0.00,25.52,-1.33,0.69,113.98,5.54,7.66,-0.98,-0.01,-0.02,1.00,132.03,nan
323772,44,16,17,11,34.543685,-117.863563,756.50,0.07,91635.47,839.74,36.08,0.00,25.59,1.69,2.52,118.56,1.52,1.67,-0.17,-0.04,0.03,1.01,126.54,nan
328896,45,16,17,16,34.543689,-117.863563,756.90,0.20,91632.55,840.00,35.58,0.00,25.72,2.72,1.54,119.78,0.84,2.70,0.20,-0.03,0.05,1.00,126.54,nan
334022,46,16,17,21,34.543689,-117.863563,757.40,0.13,91627.94,840.42,35.29,0.00,25.90,1.08,0.01,114.60,1.51,-0.58,1.80,-0.00,0.02,1.00,110.07,nan
339146,47,16,17,26,34.543693,-117.863563,757.90,0.15,91616.62,841.44,35.20,0.00,26.12,1.18,1.11,114.15,1.69,0.60,1.59,-0.02,0.02,0.99,126.54,nan
344270,48,16,17,31,34.543678,-117.863563,765.50,0.19,91618.35,841.29,34.91,0.00,26.35,-0.84,-1.07,112.83,3.10,5.45,-0.56,0.02,-0.01,0.99,115.56,nan
360671,49,16,17,48,34.543674,-117.863601,789.70,0.02,91577.33,844.50,34.38,0.00,26.83,2.38,-0.21,106.67,-2.19,2.52,2.56,0.00,0.04,1.00,104.58,nan
365861,50,16,17,53,34.543666,-117.863601,795.20,0.04,91672.10,836.43,34.04,0.00,26.70,1.75,-0.64,107.69,2.34,3.61,1.23,0.01,0.03,0.99,115.56,nan
370985,51,16,17,58,34.543659,-117.863594,801.20,0.11,91627.88,840.42,33.94,0.00,26.84,-8.30,1.81,91.79,-25.02,-11.56,-18.91,-0.03,-0.14,0.96,110.07,nan
376110,52,16,18,3,34.543659,-117.863594,805.60,0.11,91665.46,837.03,33.62,0.00,26.78,-0.85,3.00,102.19,4.94,0.35,-2.65,-0.05,-0.01,0.98,115.56,nan
381236,53,16,18,8,34.543655,-117.863601,809.90,0.09,91647.42,838.66,33.52,0.00,26.80,-6.87,3.07,86.87,1.66,2.03,0.87,-0.05,-0.12,1.00,110.07,nan
386360,54,16,18,13,34.543666,-117.863609,815.30,0.04,91661.35,837.40,33.49,0.00,26.70,-1.92,3.68,101.10,-4.88,-1.04,6.72,-0.07,-0.03,1.01,126.54,nan
403517,55,16,18,30,34.543693,-117.863624,825.10,0.02,91638.74,839.94,33.31,0.00,26.83,-2.85,4.14,105.42,0.92,2.57,-1.12,-0.07,-0.05,1.01,115.56,nan
408769,56,16,18,36,34.543693,-117.863624,825.20,0.07,91616.25,841.47,33.11,0.00,27.10,-2.51,4.36,106.78,-0.22,1.80,0.32,-0.07,-0.04,0.98,99.09,nan
413895,57,16,18,41,34.543693,-117.863624,825.20,0.06,91630.13,840.22,32.91,0.00,27.19,-7.12,16.82,122.26,-1.33,-9.92,-7.12,-0.32,-0.13,1.04,110.07,nan
419019,58,16,18,46,34.543693,-117.863624,825.30,0.06,91685.39,835.23,33.14,0.00,27.02,-4.85,8.58,114.94,-0.43,2.74,-0.61,-0.15,-0.08,1.00,110.07,nan
424143,59,16,18,51,34.543693,-117.863624,825.40,0.07,91661.44,837.39,32.88,0.00,26.95,-2.22,7.98,112.47,0.47,-0.59,-4.64,-0.14,-0.04,1.00,115.56,nan
429270,60,16,18,56,34.543693,-117.863624,825.40,0.09,91640.68,839.27,32.95,0.00,27.03,-0.74,0.41,103.35,-5.47,-6.39,-8.44,-0.01,-0.01,1.00,121.05,nan
446093,61,16,19,13,34.543693,-117.863624,828.90,0.07,91742.53,830.07,33.41,0.00,26.38,-2.40,-4.92,97.77,-6.96,-2.06,0.99,0.08,-0.04,0.95,121.05,nan
451217,62,16,19,18,34.543693,-117.863624,829.00,0.09,91679.63,835.75,33.79,0.00,26.14,3.94,1.47,102.41,3.98,1.44,1.30,-0.03,0.07,0.99,104.58,nan
456341,63,16,19,23,34.543693,-117.863624,829.00,0.02,91664.79,837.09,34.06,0.00,26.02,1.21,3.06,101.28,-5.29,-8.88,13.75,-0.06,0.02,1.04,126.54,nan
461510,64,16,19,28,34.543693,-117.863632,829.10,0.11,91692.64,834.58,34.34,0.00,25.69,-3.55,4.79,84.54,7.60,2.26,4.17,-0.08,-0.06,1.00,115.56,nan
466916,65,16,19,34,34.543693,-117.863632,829.10,0.02,91631.53,839.61,34.65,0.00,25.72,1.05,1.75,90.20,2.74,-6.60,-30.61,-0.03,0.02,1.00,104.58,nan
472057,66,16,19,39,34.543693,-117.863632,829.20,0.02,91679.46,835.77,35.16,0.00,25.47,1.07,6.69,80.88,0.62,7.64,-3.69,-0.12,0.02,1.00,115.56,nan
488481,67,16,19,55,34.543704,-117.863632,829.50,0.63,91749.84,829.17,35.51,0.00,24.69,2.41,2.42,79.77,2.46,0.95,-1.24,-0.04,0.04,0.99,110.07,nan
493716,68,16,20,1,34.543716,-117.863639,829.70,0.85,91673.46,836.31,36.02,0.00,24.47,3.81,3.90,83.96,-1.34,0.06,0.43,-0.07,0.07,1.01,110.07,nan
498840,69,16,20,6,34.543727,-117.863647,830.00,0.98,91666.96,836.89,36.34,0.00,24.27,2.75,3.19,82.86,2.19,0.19,-1.92,-0.06,0.05,1.00,104.58,nan
503964,70,16,20,11,34.543739,-117.863655,830.40,0.89,91669.71,836.65,36.78,0.00,24.05,4.11,1.70,84.37,3.95,-2.22,3.74,-0.03,0.07,1.00,110.07,nan
509090,71,16,20,16,34.543746,-117.863655,830.80,0.50,91644.27,838.94,36.89,0.00,23.94,4.33,5.50,73.01,14.90,-20.75,-9.85,-0.09,0.07,0.98,110.07,nan
514214,72,16,20,21,34.543746,-117.863655,831.20,0.30,91657.23,838.02,37.29,0.00,23.78,2.77,4.08,82.94,-1.11,3.21,-0.22,-0.07,0.05,1.00,110.07,nan
530604,73,16,20,38,34.543739,-117.863655,832.70,0.04,91700.40,833.88,38.05,0.00,23.35,-0.31,5.63,81.49,1.99,-0.30,-0.60,-0.10,-0.01,1.00,110.07,nan
535799,74,16,20,43,34.543739,-117.863655,833.00,0.04,91675.32,836.14,38.41,0.00,23.11,0.68,5.64,82.97,0.79,0.97,0.40,-0.10,0.01,1.00,115.56,nan
540923,75,16,20,48,34.543739,-117.863655,833.00,0.00,91649.44,838.48,38.75,0.00,23.06,-2.04,6.80,74.00,-1.15,7.14,-7.03,-0.13,-0.04,1.06,99.09,nan
546048,76,16,20,53,34.543739,-117.863655,833.10,0.06,91658.02,837.95,39.17,0.00,22.97,4.34,3.47,85.11,-7.05,-1.47,-6.57,-0.06,0.08,1.00,115.56,nan
551171,77,16,20,58,34.543739,-117.863655,833.10,0.06,91657.78,837.72,39.46,0.00,22.86,2.82,4.14,83.69,0.87,1.17,0.81,-0.07,0.05,0.99,110.07,nan
556298,78,16,21,3,34.543739,-117.863655,833.20,0.02,91665.30,837.04,39.58,0.00,22.67,2.13,3.27,83.98,1.58,2.56,0.29,-0.06,0.04,1.00,121.05,nan
573446,79,16,21,20,34.543739,-117.863655,833.40,0.06,91690.25,835.04,40.02,0.00,22.37,4.73,0.73,87.42,-6.71,10.91,13.25,-0.01,0.08,1.00,104.58,nan
578711,80,16,21,26,34.543739,-117.863655,833.40,0.06,91600.51,842.89,39.83,0.00,22.63,-0.88,9.16,78.67,8.93,7.75,-1.01,-0.16,-0.02,0.98,121.05,nan
583837,81,16,21,31,34.543739,-117.863655,833.50,0.37,91640.97,839.24,40.47,0.00,22.65,8.02,-0.65,110.69,-20.78,-3.95,-1.22,0.01,0.14,1.01,110.07,nan
588961,82,16,21,36,34.543739,-117.863655,833.50,0.09,91630.55,840.18,39.53,0.00,22.74,2.61,5.80,97.93,1.54,-0.38,-3.44,-0.10,0.05,1.02,110.07,nan
594085,83,16,21,41,34.543739,-117.863655,833.60,0.02,91630.02,840.23,39.17,0.00,22.83,2.76,6.46,96.86,2.63,2.70,0.60,-0.11,0.05,1.01,110.07,nan
599209,84,16,21,46,34.543739,-117.863655,833.70,0.07,91624.85,840.70,39.42,0.00,22.92,3.98,6.50,96.30,-0.10,2.21,-2.12,-0.12,0.07,1.01,115.56,nan
615583,85,16,22,3,34.543735,-117.863655,833.90,0.07,91571.10,845.80,39.69,0.00,23.38,1.64,6.47,88.18,0.89,1.50,1.08,-0.11,0.03,0.99,110.07,nan
620793,86,16,22,8,34.543739,-117.863655,833.90,0.02,91615.03,841.58,39.92,0.00,23.51,1.75,5.13,90.14,2.96,0.52,0.39,-0.09,0.03,1.02,115.56,nan
625917,87,16,22,13,34.543739,-117.863655,834.00,0.04,91623.32,840.84,39.70,0.00,23.57,-0.45,11.08,84.89,3.71,-1.43,4.30,-0.20,-0.01,1.00,121.05,nan
631043,88,16,22,18,34.543739,-117.863655,834.00,0.04,91662.95,837.26,39.10,0.00,23.43,1.31,8.10,93.52,0.10,1.49,-0.28,-0.14,0.02,0.99,115.56,nan
636166,89,16,22,23,34.543739,-117.863655,834.10,0.09,91659.74,837.55,39.04,0.00,23.27,5.43,7.08,91.62,-0.10,-0.20,-0.82,-0.12,0.09,1.00,115.56,nan
641290,90,16,22,28,34.543739,-117.863655,834.10,0.06,91611.78,841.88,38.71,0.00,23.44,-5.84,8.52,103.84,-0.37,3.06,-33.79,-0.15,-0.10,0.99,126.54,nan
658437,91,16,22,45,34.543739,-117.863655,834.30,0.06,91593.71,843.51,38.39,0.00,23.74,-0.37,6.99,98.93,1.91,3.97,14.45,-0.12,-0.01,0.98,110.07,nan
663671,92,16,22,51,34.543739,-117.863655,834.40,0.04,91634.83,839.80,38.47,0.00,23.78,2.27,8.17,98.41,2.56,-1.09,3.01,-0.14,0.04,1.00,104.58,nan
668795,93,16,22,56,34.543739,-117.863655,834.40,0.04,91632.82,839.98,38.53,0.00,23.88,0.68,10.10,137.37,1.68,-8.22,14.57,-0.19,0.01,1.06,121.05,nan
673920,94,16,23,1,34.543739,-117.863655,834.50,0.06,91685.14,835.25,38.39,0.00,23.60,-17.56,-6.86,99.23,7.43,-10.14,1.40,0.13,-0.32,1.00,93.60,nan
679043,95,16,23,6,34.543739,-117.863655,834.50,0.06,91628.92,840.33,38.32,0.00,23.76,-4.21,0.16,131.72,4.98,5.20,-3.05,-0.00,-0.07,0.99,110.07,nan
684166,96,16,23,11,34.543739,-117.863655,834.60,0.00,91642.53,839.10,38.18,0.00,23.81,-6.38,-1.72,120.47,-2.66,-2.77,-0.95,0.03,-0.11,1.00,115.56,nan
700557,97,16,23,28,34.543739,-117.863655,834.80,0.17,91494.10,852.51,37.46,0.00,24.86,-6.13,-3.77,107.40,-2.23,0.32,-3.44,0.07,-0.11,0.99,115.56,nan
705741,98,16,23,33,34.543739,-117.863655,834.80,0.02,91656.06,837.88,37.24,0.00,24.73,0.12,5.94,88.20,12.92,3.77,6.68,-0.10,0.00,1.00,104.58,nan
710865,99,16,23,38,34.543739,-117.863655,834.90,0.04,91563.15,846.03,37.25,0.00,25.25,-4.09,-0.37,108.09,0.40,-8.53,5.17,0.01,-0.07,0.99,104.58,nan
715990,100,16,23,43,34.543739,-117.863655,834.90,0.04,91610.60,841.99,35.76,0.00,25.54,-3.86,-8.17,112.59,6.31,-8.88,3.82,0.14,-0.07,0.99,104.58,nan
721113,101,16,23,48,34.543739,-117.863655,836.40,0.04,91603.25,842.65,35.29,0.00,25.88,3.41,-5.16,117.01,-12.48,11.77,6.83,0.09,0.06,0.98,110.07,nan
726239,102,16,23,53,34.543739,-117.863655,838.90,0.11,91608.14,841.96,35.27,0.00,26.18,4.11,-6.99,127.02,39.01,-15.40,4.08,0.12,0.07,0.94,121.05,nan
743397,103,16,24,10,34.543762,-117.863655,843.20,0.02,91535.19,848.80,33.59,0.00,26.98,-0.11,0.55,124.51,-4.64,15.10,-5.73,-0.01,-0.00,0.95,104.58,nan
748635,104,16,24,16,34.543773,-117.863655,844.70,0.06,91655.35,837.94,33.04,0.00,27.08,3.07,0.37,128.65,-15.27,-13.90,34.51,-0.01,0.05,1.00,115.56,nan
753762,105,16,24,21,34.543769,-117.863655,846.40,0.07,91649.58,838.46,33.26,0.00,27.16,-0.85,4.83,139.58,-4.35,1.41,-2.99,-0.08,-0.01,0.98,115.56,nan
758887,106,16,24,26,34.543766,-117.863655,847.40,0.04,91642.73,839.08,33.31,0.00,27.24,1.35,6.61,131.10,2.00,-5.23,6.34,-0.12,0.02,1.00,104.58,nan
764011,107,16,24,31,34.543769,-117.863655,847.90,0.13,91739.21,830.38,33.28,0.00,26.33,-161.98,52.10,-6.88,263.26,286.68,-286.72,-0.35,-0.08,-0.26,82.62,nan
769136,108,16,24,36,34.543758,-117.863639,849.30,0.41,91720.85,832.03,33.95,0.00,25.87,87.60,24.34,-172.94,1.03,1.03,-0.05,-0.42,0.93,0.04,60.66,nan
785995,109,16,24,53,34.543746,-117.863639,850.40,0.15,91796.49,825.21,35.83,0.00,24.87,83.79,26.69,-172.42,19.46,11.88,-11.70,-0.47,0.92,0.10,66.15,nan
791120,110,16,24,58,34.543746,-117.863639,850.40,0.09,91671.89,836.45,36.30,0.00,24.67,76.01,-24.66,109.30,-0.58,1.24,-5.28,0.41,0.87,0.22,77.13,nan
796244,111,16,25,3,34.543746,-117.863639,850.50,0.06,91675.85,836.09,37.29,0.00,24.47,83.94,10.44,176.45,0.29,0.78,0.19,-0.18,0.98,0.10,60.66,nan
801552,112,16,25,9,34.543746,-117.863639,850.60,0.02,91675.85,836.58,37.80,0.00,24.28,85.10,10.56,176.40,0.56,0.88,0.05,-0.18,0.99,0.08,44.19,nan
806882,113,16,25,14,34.543746,-117.863639,850.60,0.00,91676.63,836.02,38.20,0.00,24.08,85.03,10.69,175.89,0.92,0.85,0.42,-0.19,0.99,0.09,60.66,nan
812006,114,16,25,19,34.543746,-117.863639,850.60,0.02,91667.02,836.89,38.57,0.00,23.90,85.26,10.81,176.01,0.78,0.84,0.24,-0.19,0.99,0.08,55.17,nan
828531,115,16,25,36,34.543746,-117.863639,850.80,0.00,91710.61,832.95,39.61,0.00,23.49,104.05,25.04,-170.42,43.05,-44.34,44.71,-0.40,0.83,-0.21,44.19,nan
833723,116,16,25,41,34.543746,-117.863639,850.80,0.13,91691.27,834.70,39.13,0.00,23.13,-62.02,41.78,-71.59,0.10,-10.55,-1.63,-0.67,-0.66,0.35,66.15,nan
838848,117,16,25,46,34.543746,-117.863639,850.80,0.00,91655.21,837.96,39.49,0.00,23.03,-66.11,42.05,-71.91,0.70,2.04,0.77,-0.68,-0.69,0.31,71.64,nan
843972,118,16,25,51,34.543746,-117.863639,850.90,0.00,91664.24,837.14,40.00,0.00,22.89,-67.94,52.70,-81.00,-8.41,5.35,-4.77,-0.81,-0.57,0.23,60.66,nan
849098,119,16,25,56,34.543746,-117.863639,850.90,0.06,91661.02,837.43,39.91,0.00,22.79,-101.94,-48.20,7.50,6.80,-6.05,-12.37,0.74,-0.65,-0.14,55.17,nan
854223,120,16,26,1,34.543746,-117.863639,851.00,0.09,91676.19,836.06,40.46,0.00,22.56,-110.28,41.89,-71.08,-0.73,2.13,-1.83,-0.67,-0.70,-0.26,49.68,nan
870943,121,16,26,18,34.543746,-117.863639,851.10,0.15,91722.03,831.93,42.79,0.00,22.05,-104.23,24.47,-36.90,18.57,13.46,-4.21,-0.42,-0.89,-0.22,33.21,nan
876069,122,16,26,23,34.543746,-117.863639,851.20,0.07,91660.25,837.50,42.72,0.00,21.91,-88.30,27.01,-20.42,27.61,22.41,-18.27,-0.48,-0.94,0.03,38.70,nan
881195,123,16,26,28,34.543746,-117.863639,851.30,0.07,91649.66,838.46,45.73,0.00,21.82,-17.97,-24.80,6.70,8.59,9.96,18.72,0.38,-0.25,0.78,93.60,nan
886400,124,16,26,34,34.543746,-117.863639,851.30,0.15,91633.22,840.43,44.40,0.00,21.85,-42.72,-12.63,19.26,0.60,20.28,22.67,0.24,-0.71,0.77,88.11,nan
891804,125,16,26,39,34.543746,-117.863639,851.40,0.15,91627.00,840.99,42.80,0.00,21.96,-52.95,-6.72,2.80,3.53,-2.72,0.44,0.12,-0.78,0.59,77.13,nan
896947,126,16,26,44,34.543746,-117.863647,851.60,0.20,91624.17,840.76,42.20,0.00,22.07,-51.53,-8.03,6.03,0.97,-2.16,-1.18,0.14,-0.75,0.60,71.64,nan
913483,127,16,27,1,34.543746,-117.863655,853.60,0.17,91630.95,840.15,41.79,0.00,22.10,-47.77,-21.16,50.44,-6.84,15.77,-27.11,0.36,-0.68,0.62,110.07,nan
918687,128,16,27,6,34.543743,-117.863655,854.60,0.13,91649.02,838.52,41.84,0.00,22.08,-64.16,-8.11,24.00,-1.77,11.37,-16.44,0.14,-0.90,0.44,77.13,nan
923811,129,16,27,11,34.543743,-117.863655,855.60,0.13,91655.99,838.13,41.71,0.00,21.97,-75.32,-6.45,22.74,3.53,-32.54,9.27,0.11,-0.92,0.24,99.09,nan
928935,130,16,27,16,34.543743,-117.863662,856.80,0.69,91650.72,838.85,41.79,0.00,21.94,-69.89,-10.40,-23.67,7.31,7.07,0.05,0.17,-0.89,0.33,88.11,nan
934059,131,16,27,21,34.543743,-117.863670,858.10,0.63,91654.22,838.05,41.90,0.00,21.85,-61.79,-3.78,-31.67,-1.13,2.04,1.63,0.06,-0.85,0.46,99.09,nan
939185,132,16,27,26,34.543743,-117.863677,859.50,0.46,91648.57,838.56,41.55,0.00,21.77,-31.03,-6.23,-42.16,3.49,0.18,-1.09,0.11,-0.51,0.85,115.56,nan
955928,133,16,27,43,34.543743,-117.863700,864.20,0.09,91639.03,840.39,42.16,0.00,21.86,12.56,4.97,-145.76,-0.67,-7.10,-2.70,-0.09,0.22,0.98,110.07,nan
961052,134,16,27,48,34.543743,-117.863700,864.60,0.26,91674.33,835.99,41.90,0.00,21.62,19.22,6.04,-147.34,-1.02,2.65,-0.56,-0.11,0.33,0.94,104.58,nan
966176,135,16,27,53,34.543743,-117.863700,864.70,0.02,91696.91,834.19,41.70,0.00,21.28,20.18,5.54,-149.89,1.34,0.75,-1.50,-0.10,0.34,0.93,110.07,nan
971486,136,16,27,59,34.543743,-117.863700,864.80,0.09,91663.00,837.49,42.30,0.00,21.10,20.53,7.63,-149.71,1.37,-1.57,-0.89,-0.13,0.35,0.94,93.60,nan
976843,137,16,28,4,34.543743,-117.863700,864.80,0.00,91644.35,838.94,42.66,0.00,21.07,25.14,5.73,-159.65,0.94,-0.23,0.17,-0.10,0.43,0.91,93.60,nan
981967,138,16,28,9,34.543743,-117.863700,864.80,0.04,91620.92,841.05,42.63,0.00,21.20,24.37,8.45,-157.11,2.24,-0.07,-1.09,-0.15,0.41,0.90,99.09,nan
998469,139,16,28,26,34.543743,-117.863700,864.80,0.04,91623.89,840.54,43.37,0.00,21.32,3.33,-10.80,-165.29,0.81,-0.58,0.71,0.19,0.06,0.97,121.05,nan
1003651,140,16,28,31,34.543743,-117.863700,864.80,0.09,91639.51,839.37,43.61,0.00,21.34,0.34,-8.86,-63.37,0.51,4.43,0.52,0.15,0.01,0.98,104.58,nan
1008774,141,16,28,36,34.543743,-117.863700,864.90,0.06,91646.02,838.79,43.73,0.00,21.33,0.27,-11.75,-67.18,2.01,0.39,-0.14,0.20,0.00,0.97,104.58,nan
1013898,142,16,28,41,34.543743,-117.863700,864.90,0.02,91644.50,839.41,43.86,0.00,21.36,-3.08,-13.14,-58.96,1.59,1.86,1.95,0.22,-0.05,0.96,110.07,nan
1019024,143,16,28,46,34.543743,-117.863700,864.90,0.04,91649.10,838.51,43.61,0.00,21.34,-4.76,-8.38,-64.28,3.72,0.32,-1.32,0.14,-0.08,0.97,99.09,nan
1024148,144,16,28,51,34.543743,-117.863700,864.90,0.06,91629.86,840.24,43.98,0.00,21.41,-2.97,-5.63,-70.44,0.82,-7.00,-1.15,0.10,-0.05,1.00,115.56,nan
1040888,145,16,29,8,34.543743,-117.863700,865.00,0.04,91627.11,840.49,43.62,0.00,21.54,-5.85,-9.82,-56.97,-0.95,2.40,-2.00,0.17,-0.10,0.97,99.09,nan
1046014,146,16,29,13,34.543743,-117.863700,865.00,0.04,91638.89,839.43,43.45,0.00,21.61,-7.35,-10.98,-53.38,3.36,7.91,4.56,0.19,-0.13,0.97,115.56,nan
1051139,147,16,29,18,34.543743,-117.863700,865.00,0.04,91636.13,839.92,43.73,0.00,21.65,-7.25,-8.09,-55.41,-0.96,-2.13,-0.54,0.14,-0.12,0.98,115.56,nan
1056437,148,16,29,24,34.543743,-117.863700,865.00,0.02,91636.86,839.37,42.91,0.00,21.71,-10.81,-9.47,-54.61,-0.66,6.29,-0.39,0.16,-0.18,0.97,99.09,nan
1061811,149,16,29,29,34.543743,-117.863700,865.10,0.06,91656.03,837.88,42.51,0.00,21.65,0.85,-10.80,178.48,-0.60,0.48,-1.65,0.19,0.01,0.99,104.58,nan
1066935,150,16,29,34,34.543743,-117.863700,865.10,0.00,91642.24,839.37,43.06,0.00,21.67,-4.24,-12.18,-107.26,12.71,-20.09,6.84,0.20,-0.07,0.92,104.58,nan
1083443,151,16,29,51,34.543743,-117.863700,865.20,0.02,91625.65,841.11,43.34,0.00,21.82,-8.10,-5.39,-77.10,1.72,1.39,-0.88,0.09,-0.14,0.97,104.58,nan
1088606,152,16,29,56,34.543743,-117.863700,865.20,0.07,91630.53,840.18,43.11,0.00,21.91,-14.99,-12.22,-63.94,-0.35,2.35,3.10,0.21,-0.25,0.94,104.58,nan
1093732,153,16,30,1,34.543743,-117.863693,865.20,0.06,91644.27,838.94,42.92,0.00,21.93,-20.15,-5.59,-61.17,30.84,-25.62,-15.67,0.10,-0.34,0.92,99.09,nan
1098857,154,16,30,6,34.543743,-117.863693,865.30,0.02,91655.39,837.94,42.40,0.00,21.89,-13.57,-12.83,-58.71,-22.23,-27.56,8.61,0.20,-0.21,0.87,104.58,nan
1103982,155,16,30,11,34.543743,-117.863693,865.30,0.04,91645.85,838.80,42.26,0.00,21.90,-9.32,0.11,-71.85,-9.84,-0.89,19.95,-0.00,-0.16,0.96,99.09,nan
1109108,156,16,30,16,34.543743,-117.863693,865.30,0.07,91617.72,841.10,41.73,0.00,22.04,-15.84,-5.96,-62.64,9.16,-2.74,-0.36,0.11,-0.28,0.99,115.56,nan
1125843,157,16,30,33,34.543743,-117.863693,865.40,0.06,91612.91,841.77,40.86,0.00,22.33,-18.43,-15.55,-39.77,-1.04,0.82,5.61,0.26,-0.30,0.90,104.58,nan
1130968,158,16,30,38,34.543743,-117.863693,865.40,0.04,91645.64,838.82,40.87,0.00,22.35,-12.10,-15.43,-52.51,3.69,-4.71,8.84,0.26,-0.20,0.94,115.56,nan
1136094,159,16,30,43,34.543743,-117.863693,865.40,0.06,91648.68,838.55,40.77,0.00,22.32,-16.31,-21.43,2.03,-21.36,-8.35,-24.50,0.38,-0.27,0.92,115.56,nan
1141314,160,16,30,49,34.543743,-117.863693,865.40,0.00,91652.18,838.47,40.45,0.00,22.30,-22.93,-9.95,-44.02,5.70,-8.09,8.76,0.18,-0.41,0.97,110.07,nan
1146720,161,16,30,54,34.543743,-117.863693,865.50,0.02,91657.23,838.26,40.41,0.00,22.24,-11.14,-13.29,-54.23,-4.17,-0.71,-12.61,0.23,-0.19,0.95,110.07,nan
1151875,162,16,30,59,34.543743,-117.863693,865.50,0.24,91646.13,838.78,40.55,0.00,22.25,-5.77,-12.65,-71.01,1.64,-0.17,6.77,0.22,-0.10,0.97,110.07,nan
1168390,163,16,31,16,34.543743,-117.863693,865.70,0.15,91642.25,838.64,40.57,0.00,22.22,-10.30,-26.88,-25.07,2.34,-1.07,4.66,0.45,-0.16,0.88,110.07,nan
1173568,164,16,31,21,34.543743,-117.863693,865.80,0.04,91642.32,839.61,40.42,0.00,22.26,-17.49,-14.34,-38.54,-15.19,-17.81,14.11,0.24,-0.29,0.91,110.07,nan
1178692,165,16,31,26,34.543743,-117.863693,865.90,0.07,91661.91,837.35,40.35,0.00,22.16,-13.47,-12.93,-38.34,1.12,2.77,-0.65,0.22,-0.22,0.94,110.07,nan
1183818,166,16,31,31,34.543743,-117.863693,865.90,0.11,91660.86,837.45,40.77,0.00,22.10,-11.62,-25.94,-15.74,-3.54,11.17,-11.04,0.45,-0.19,0.90,110.07,nan
1188943,167,16,31,36,34.543743,-117.863693,865.90,0.06,91653.64,837.86,40.94,0.00,22.05,-14.35,-25.79,-15.21,-1.45,0.81,0.74,0.43,-0.22,0.85,99.09,nan
1194067,168,16,31,41,34.543739,-117.863693,865.90,0.04,91654.86,837.99,41.10,0.00,21.98,-15.55,-25.93,-15.33,1.98,1.29,0.32,0.43,-0.24,0.85,115.56,nan
1210801,169,16,31,58,34.543739,-117.863693,866.00,0.04,91664.98,837.07,41.90,0.00,21.83,-22.81,-0.09,-52.36,8.94,11.09,-3.50,0.00,-0.40,0.95,104.58,nan
1215925,170,16,32,3,34.543739,-117.863693,866.00,0.04,91660.91,837.44,41.89,0.00,21.76,-18.54,-13.42,-43.78,-15.72,-13.03,-18.37,0.23,-0.30,0.91,99.09,nan
1221050,171,16,32,8,34.543739,-117.863693,866.00,0.02,91650.24,838.41,42.13,0.00,21.69,-22.22,-12.23,-36.14,0.34,-1.76,-0.81,0.21,-0.37,0.90,110.07,nan
1226175,172,16,32,13,34.543739,-117.863693,866.00,0.06,91650.28,837.92,42.14,0.00,21.63,-17.22,-12.35,-36.89,0.51,0.19,-0.24,0.21,-0.28,0.91,104.58,nan
1231592,173,16,32,19,34.543739,-117.863693,866.00,0.06,91657.28,837.77,42.40,0.00,21.55,-19.04,-9.77,-40.66,12.27,13.59,-13.78,0.17,-0.33,0.94,99.09,nan
1236813,174,16,32,24,34.543743,-117.863693,866.00,0.20,91651.19,838.32,42.31,0.00,21.52,-19.12,-14.58,-36.79,1.75,-1.66,-1.20,0.25,-0.31,0.91,115.56,nan
1253371,175,16,32,41,34.543746,-117.863693,866.10,0.09,91645.85,838.80,43.63,0.00,21.55,-2.54,0.51,-79.16,-5.55,-17.81,2.65,-0.01,-0.04,0.98,99.09,nan
1258553,176,16,32,46,34.543746,-117.863693,866.10,0.04,91626.95,840.51,43.15,0.00,21.72,-0.36,-10.02,-73.78,3.55,-7.38,5.71,0.17,-0.01,0.97,99.09,nan
1263677,177,16,32,51,34.543746,-117.863693,866.10,0.04,91628.71,840.35,42.52,0.00,21.81,-14.27,-1.83,-54.55,0.68,6.93,1.35,0.03,-0.25,0.97,99.09,nan
1268801,178,16,32,56,34.543746,-117.863693,866.10,0.02,91631.67,840.08,42.08,0.00,21.89,-15.30,-5.24,-54.28,-12.79,5.71,6.92,0.09,-0.26,0.97,104.58,nan
1273926,179,16,33,1,34.543746,-117.863693,866.10,0.06,91668.14,836.79,42.57,0.00,21.72,-0.50,11.19,-68.83,5.82,-4.59,10.69,-0.20,-0.01,0.99,88.11,nan
1279052,180,16,33,6,34.543746,-117.863693,866.10,0.06,91671.81,836.46,41.95,0.00,21.56,-29.93,5.78,-45.19,-6.80,3.79,2.21,-0.10,-0.49,0.86,99.09,nan
1295775,181,16,33,23,34.543746,-117.863693,866.10,0.07,91690.44,835.02,42.67,0.00,21.27,-1.64,-17.86,-25.14,-3.85,8.25,-29.09,0.30,-0.03,0.94,115.56,nan
1300899,182,16,33,28,34.543746,-117.863693,866.10,0.06,91664.96,837.08,42.65,0.00,21.07,3.98,-24.21,-38.38,-1.65,3.50,1.69,0.41,0.06,0.91,104.58,nan
1306025,183,16,33,33,34.543746,-117.863693,866.20,0.07,91642.45,839.11,43.22,0.00,21.00,8.79,-36.20,32.37,13.39,15.39,-9.40,0.54,0.11,0.73,104.58,nan
1311328,184,16,33,39,34.543746,-117.863693,866.20,0.06,91639.84,839.34,43.49,0.00,21.00,2.21,-10.03,-53.74,0.83,1.56,-2.06,0.17,0.04,0.98,104.58,nan
1316694,185,16,33,44,34.543746,-117.863693,866.20,0.04,91612.93,841.77,43.96,0.00,21.13,-9.97,-13.67,-45.57,-0.58,-1.03,0.18,0.24,-0.17,0.97,110.07,nan
1321819,186,16,33,49,34.543746,-117.863693,866.20,0.04,91614.71,841.37,43.99,0.00,21.29,-13.57,-15.67,-40.50,5.56,1.96,-0.49,0.27,-0.22,0.92,104.58,nan
1338280,187,16,34,6,34.543746,-117.863693,866.20,0.02,91599.95,842.70,44.40,0.00,21.52,4.70,4.15,-71.27,-13.62,-13.72,-21.95,-0.07,0.08,1.01,99.09,nan
1343476,188,16,34,11,34.543746,-117.863693,866.30,0.07,91621.61,840.99,43.99,0.00,21.58,0.45,1.34,-109.74,10.63,-10.29,-18.04,-0.02,0.01,1.00,104.58,nan
1348600,189,16,34,16,34.543746,-117.863693,866.30,0.04,91620.77,841.07,43.38,0.00,21.70,-2.15,-1.87,-88.87,-1.66,4.97,14.55,0.03,-0.04,0.96,99.09,nan
1353726,190,16,34,21,34.543746,-117.863693,866.30,0.09,91635.66,839.72,42.57,0.00,21.72,-5.40,-6.50,36.68,-6.39,-16.82,-35.29,0.11,-0.09,0.96,99.09,nan
1358850,191,16,34,26,34.543746,-117.863685,866.30,0.28,91679.14,835.79,41.82,0.00,21.48,1.58,-1.91,77.12,4.73,10.61,66.96,0.03,0.03,1.01,104.58,nan
1363973,192,16,34,31,34.543750,-117.863685,866.30,0.19,91655.89,837.90,41.67,0.00,21.36,0.91,-3.26,59.42,-5.07,-0.53,-9.93,0.05,0.02,0.94,115.56,nan
1380736,193,16,34,48,34.543754,-117.863677,866.50,0.26,91622.17,840.94,43.13,0.00,21.46,3.30,-0.95,-71.91,-10.64,-7.70,-25.77,0.02,0.06,0.96,93.60,nan
1385859,194,16,34,53,34.543758,-117.863677,866.60,0.20,91626.66,840.54,43.26,0.00,21.57,5.79,-2.76,27.87,-1.54,-7.46,38.64,0.05,0.10,1.00,88.11,nan
1390982,195,16,34,58,34.543758,-117.863677,866.70,0.07,91595.00,843.39,42.01,0.00,21.96,3.31,-2.00,176.74,-21.45,3.28,-22.29,0.03,0.05,0.94,110.07,nan
1396188,196,16,35,4,34.543754,-117.863677,866.90,0.22,91603.39,842.64,41.46,0.00,22.24,3.00,-1.70,77.10,10.66,-9.86,-2.64,0.03,0.05,0.96,115.56,nan
1401595,197,16,35,9,34.543754,-117.863685,867.10,0.19,91611.08,841.45,40.65,0.00,22.52,-10.56,3.48,-151.70,-2.80,13.27,-7.20,-0.06,-0.18,0.98,104.58,nan
1406763,198,16,35,14,34.543754,-117.863685,867.20,0.17,91572.94,845.39,39.86,0.00,22.98,4.84,-0.76,71.78,16.25,-8.77,-78.39,0.01,0.08,0.99,93.60,nan
1423278,199,16,35,31,34.543754,-117.863685,867.20,0.04,91742.99,830.76,40.11,0.00,22.33,-1.41,-0.56,-13.78,-4.22,4.87,-1.29,0.01,-0.02,0.96,88.11,nan
1428465,200,16,35,36,34.543754,-117.863685,867.20,0.04,91662.57,836.56,40.10,0.00,22.17,4.76,-2.69,-9.82,-1.50,2.32,-1.29,0.05,0.08,0.99,99.09,nan
1433589,201,16,35,41,34.543754,-117.863685,867.20,0.02,91667.81,836.82,40.07,0.00,21.98,-0.88,-7.13,-11.38,5.96,-0.58,-2.89,0.13,-0.02,1.02,99.09,nan
1438714,202,16,35,46,34.543754,-117.863685,867.20,0.00,91659.59,837.56,40.45,0.00,21.85,-0.15,-2.75,-9.73,11.73,-1.42,18.50,0.05,-0.00,1.01,110.07,nan
1443840,203,16,35,51,34.543754,-117.863685,867.20,0.04,91640.47,839.29,40.97,0.00,21.84,1.07,-5.93,-12.26,1.12,2.68,4.57,0.10,0.02,1.00,110.07,nan
1448963,204,16,35,56,34.543754,-117.863685,867.20,0.04,91638.17,839.49,41.94,0.00,21.87,3.35,-15.71,2.05,5.40,-6.84,-11.68,0.27,0.06,0.95,115.56,nan
1465677,205,16,36,13,34.543754,-117.863677,867.20,0.24,91626.60,840.54,42.21,0.00,21.96,10.82,-5.52,-6.69,-12.73,1.67,-16.62,0.09,0.18,0.94,99.09,nan
1470801,206,16,36,18,34.543750,-117.863670,867.30,0.20,91641.13,839.23,41.84,0.00,21.99,4.62,-3.36,-7.87,2.76,-2.96,2.90,0.06,0.08,1.00,99.09,nan
1475927,207,16,36,23,34.543754,-117.863670,867.40,0.11,91647.63,838.64,42.39,0.00,21.95,-1.32,-2.42,-16.49,12.56,-1.37,-0.62,0.04,-0.02,0.98,110.07,nan
1481051,208,16,36,28,34.543754,-117.863670,867.50,0.13,91647.69,838.15,42.01,0.00,21.91,7.10,3.01,34.79,0.25,-1.38,-1.15,-0.05,0.12,0.99,110.07,nan
1486458,209,16,36,34,34.543758,-117.863670,867.50,0.28,91673.14,836.82,41.64,0.00,21.72,1.00,-0.01,26.57,8.03,4.18,12.98,0.00,0.02,0.96,104.58,nan
1491681,210,16,36,39,34.543758,-117.863670,867.60,0.26,91647.57,837.92,41.60,0.00,21.66,0.87,-6.54,29.64,3.62,5.31,5.43,0.12,0.02,1.01,110.07,nan
1508247,211,16,36,56,34.543766,-117.863670,868.10,0.17,91704.94,833.47,42.21,0.00,21.18,4.51,-5.11,24.21,-1.40,-3.03,1.21,0.09,0.08,0.99,104.58,nan
1513408,212,16,37,1,34.543762,-117.863670,868.20,0.09,91647.74,838.63,42.25,0.00,21.13,1.63,-8.75,25.48,4.20,-4.17,-2.75,0.15,0.03,0.99,104.58,nan
1518532,213,16,37,6,34.543762,-117.863670,868.30,0.07,91665.10,837.06,42.58,0.00,20.93,2.93,-4.94,25.97,2.91,6.90,-3.32,0.09,0.05,1.01,99.09,nan
1523659,214,16,37,11,34.543762,-117.863670,868.30,0.06,91656.03,837.88,43.15,0.00,20.81,1.04,-8.21,23.46,-0.88,4.88,3.61,0.14,0.02,0.97,110.07,nan
1528783,215,16,37,16,34.543762,-117.863670,868.30,0.02,91651.10,838.33,43.65,0.00,20.71,4.93,-7.52,26.05,2.68,-0.20,2.81,0.13,0.09,0.99,115.56,nan
1533907,216,16,37,21,34.543762,-117.863670,868.30,0.11,91663.50,836.72,43.78,0.00,20.53,8.31,-4.28,23.76,-17.78,4.88,-26.75,0.07,0.14,0.94,115.56,nan
1551259,217,16,37,39,34.543762,-117.863670,868.30,0.02,91824.16,823.44,44.53,0.00,19.30,8.00,2.00,-0.50,2.49,2.77,-0.97,-0.04,0.14,0.99,99.09,nan
1556563,218,16,37,44,34.543762,-117.863670,868.30,0.02,91669.91,836.63,45.43,0.00,19.12,11.05,3.75,3.28,-0.14,-1.06,-0.74,-0.07,0.19,0.99,99.09,nan
1561687,219,16,37,49,34.543762,-117.863670,868.30,0.17,91664.57,837.11,46.36,0.00,18.95,7.48,2.35,9.97,3.61,-7.00,6.04,-0.04,0.13,0.99,115.56,nan
1566812,220,16,37,54,34.543762,-117.863670,868.30,0.04,91651.94,838.25,46.88,0.00,18.87,5.06,2.75,4.32,9.95,-2.71,-0.94,-0.05,0.09,1.01,104.58,nan
1571936,221,16,37,59,34.543762,-117.863670,868.30,0.04,91649.67,838.46,47.22,0.00,18.80,6.15,2.26,5.69,1.58,-2.63,-1.52,-0.04,0.11,0.99,110.07,nan
1577239,222,16,38,5,34.543762,-117.863670,868.30,0.04,91660.39,837.73,47.28,0.00,18.64,4.46,3.35,2.25,4.52,-0.52,3.78,-0.06,0.08,1.01,104.58,nan
1593217,223,16,38,21,34.543762,-117.863670,868.30,0.02,91692.94,835.27,48.08,0.00,18.31,8.67,14.37,1.95,1.91,-0.86,-5.00,-0.28,0.16,1.07,93.60,nan
1598388,224,16,38,26,34.543762,-117.863670,868.30,0.09,91652.32,838.22,48.67,0.00,18.24,8.93,1.84,10.63,-3.39,2.22,1.22,-0.03,0.16,0.99,110.07,nan
1603512,225,16,38,31,34.543762,-117.863670,868.30,0.02,91649.61,838.46,48.86,0.00,18.18,5.35,3.48,9.82,0.16,3.82,-1.28,-0.06,0.09,0.99,115.56,nan
1608636,226,16,38,36,34.543762,-117.863670,868.30,0.02,91651.14,838.32,49.19,0.00,18.15,5.26,1.40,13.65,1.78,-1.86,1.85,-0.02,0.09,0.97,110.07,nan
1613762,227,16,38,41,34.543762,-117.863670,868.30,0.04,91670.64,836.56,49.23,0.00,17.99,2.77,5.62,13.53,3.96,0.34,-2.89,-0.10,0.05,1.01,104.58,nan
1618886,228,16,38,46,34.543762,-117.863670,868.30,0.00,91635.41,839.75,49.37,0.00,18.05,3.86,5.91,11.32,0.88,-1.78,1.16,-0.10,0.07,1.00,104.58,nan
1636186,229,16,39,4,34.543762,-117.863670,868.30,0.04,91641.94,839.64,49.46,0.00,18.09,6.53,3.89,14.45,1.10,1.78,0.41,-0.07,0.11,0.98,93.60,nan
1641513,230,16,39,9,34.543762,-117.863670,868.30,0.04,91651.50,838.29,49.64,0.00,18.09,3.38,-3.11,23.54,1.78,-1.51,4.59,0.05,0.06,1.00,99.09,nan
1646639,231,16,39,14,34.543762,-117.863670,868.30,0.02,91637.36,839.57,49.58,0.00,18.11,0.27,0.99,20.62,3.79,12.77,-1.49,-0.02,0.00,1.00,104.58,nan
1651763,232,16,39,19,34.543762,-117.863670,868.40,0.02,91654.58,838.01,49.75,0.00,18.07,3.88,-3.24,26.18,-1.96,1.29,-0.52,0.06,0.07,0.98,99.09,nan
1656887,233,16,39,24,34.543762,-117.863670,868.30,0.06,91651.13,837.60,49.99,0.00,17.98,3.02,-0.94,19.57,13.36,8.10,-12.10,0.02,0.05,0.98,126.54,nan
1662190,234,16,39,30,34.543762,-117.863670,868.40,0.09,91698.14,834.56,50.51,0.00,17.68,5.19,0.15,6.58,4.80,0.58,11.62,-0.00,0.09,0.98,99.09,nan
1678198,235,16,39,46,34.543762,-117.863670,868.40,0.15,91727.08,831.71,51.58,0.00,17.17,6.18,-0.49,15.78,3.55,1.87,-0.47,0.01,0.11,0.99,110.07,nan
1683349,236,16,39,51,34.543762,-117.863662,868.40,0.24,91659.53,837.57,51.58,0.00,17.07,4.09,-2.85,24.56,0.24,-0.14,-2.13,0.05,0.07,0.99,115.56,nan
1688473,237,16,39,56,34.543769,-117.863670,868.50,0.72,91657.58,837.74,52.41,0.00,17.02,3.04,-2.50,19.14,0.95,6.47,6.82,0.04,0.05,0.96,104.58,nan
1693599,238,16,40,1,34.543769,-117.863670,868.60,0.04,91657.94,838.19,52.83,0.00,16.99,14.94,-0.45,29.95,-3.88,-4.13,-2.55,0.01,0.26,0.98,99.09,nan
1698723,239,16,40,6,34.543773,-117.863670,868.40,0.44,91650.65,838.37,53.42,0.00,16.96,8.65,-4.39,27.50,-3.27,1.19,-5.40,0.07,0.15,0.96,88.11,nan
1703847,240,16,40,11,34.543773,-117.863662,868.20,0.19,91644.14,838.96,53.81,0.00,16.97,8.50,-5.75,28.89,2.04,-0.88,0.62,0.10,0.14,0.97,110.07,nan
1721171,241,16,40,29,34.543773,-117.863662,868.10,0.07,91634.99,840.03,52.49,0.00,17.04,8.66,0.11,9.83,9.82,-4.38,1.71,-0.00,0.14,0.91,110.07,nan
1726504,242,16,40,34,34.543773,-117.863662,868.10,0.06,91647.62,838.64,52.01,0.00,17.05,1.30,4.22,3.84,7.88,-1.65,4.73,-0.07,0.02,1.00,104.58,nan
1731628,243,16,40,39,34.543769,-117.863662,868.10,0.07,91649.17,838.50,52.31,0.00,17.03,3.91,-0.61,10.32,1.63,-0.36,-0.40,0.01,0.07,0.99,93.60,nan
1736751,244,16,40,44,34.543769,-117.863662,868.20,0.13,91654.89,837.99,52.35,0.00,16.99,4.35,1.33,12.94,7.50,1.77,-1.23,-0.02,0.08,1.02,110.07,nan
1741877,245,16,40,49,34.543769,-117.863662,868.30,0.06,91648.75,838.54,52.72,0.00,16.95,6.33,-0.74,16.32,1.66,1.76,-0.26,0.01,0.11,1.00,99.09,nan
1747161,246,16,40,55,34.543769,-117.863662,868.50,0.07,91639.95,838.85,52.68,0.00,16.97,6.95,-0.73,15.68,1.05,0.17,0.92,0.01,0.12,0.99,110.07,nan
1763927,247,16,41,11,34.543773,-117.863662,869.30,0.13,91660.96,836.71,52.42,0.00,16.82,5.57,1.32,23.90,2.62,3.26,2.17,-0.02,0.10,1.00,110.07,nan
1769183,248,16,41,17,34.543777,-117.863655,869.60,0.15,91640.61,839.27,52.38,0.00,16.82,0.01,8.43,10.81,-2.49,-1.02,0.74,-0.14,0.00,0.98,93.60,nan
1774313,249,16,41,22,34.543773,-117.863655,869.80,0.19,91653.98,838.07,51.94,0.00,16.76,5.60,7.87,11.86,1.23,1.90,-0.35,-0.14,0.10,0.99,104.58,nan
1779437,250,16,41,27,34.543773,-117.863655,870.10,0.07,91655.47,837.93,51.74,0.00,16.68,3.79,-0.79,20.80,2.58,0.42,-1.43,0.01,0.07,0.99,104.58,nan
1784561,251,16,41,32,34.543773,-117.863655,870.20,0.20,91648.55,838.56,51.94,0.00,16.59,5.86,5.30,10.63,25.94,7.56,4.64,-0.08,0.09,0.91,99.09,nan
1789687,252,16,41,37,34.543773,-117.863655,870.40,0.17,91648.10,838.60,52.07,0.00,16.57,6.32,4.31,17.17,-3.55,-5.22,-11.08,-0.08,0.11,1.02,104.58,nan
1806507,253,16,41,54,34.543769,-117.863647,870.70,0.74,91643.13,839.05,53.15,0.00,16.54,10.74,2.25,14.56,-1.22,-7.34,-9.69,-0.04,0.19,0.99,88.11,nan
1811630,254,16,41,59,34.543769,-117.863647,870.80,0.19,91640.44,839.29,53.66,0.00,16.57,3.82,-5.27,39.52,-5.78,-24.13,-22.92,0.10,0.07,1.08,99.09,nan
1816756,255,16,42,4,34.543766,-117.863647,870.90,0.24,91642.38,839.11,54.09,0.00,16.60,3.43,-4.64,18.07,22.70,3.28,5.85,0.08,0.06,0.95,110.07,nan
1821880,256,16,42,9,34.543766,-117.863647,870.90,0.35,91630.92,839.43,54.51,0.00,16.65,7.24,-2.27,15.96,-26.64,10.61,-22.52,0.04,0.12,0.91,99.09,nan
1827133,257,16,42,15,34.543769,-117.863639,871.00,0.04,91643.93,838.97,54.40,0.00,16.63,3.06,3.84,3.63,11.94,9.42,-11.17,-0.07,0.05,0.99,99.09,nan
1832260,258,16,42,20,34.543766,-117.863639,871.10,0.13,91641.66,839.18,53.82,0.00,16.62,-0.61,3.57,-0.83,8.08,0.02,1.51,-0.06,-0.01,1.00,88.11,nan
1848074,259,16,42,36,34.543766,-117.863647,871.20,0.37,91656.13,838.36,53.89,0.00,16.56,7.80,-0.21,-0.89,-5.27,1.48,0.64,0.00,0.14,1.00,104.58,nan
1853250,260,16,42,41,34.543766,-117.863647,871.20,0.15,91638.92,839.43,54.00,0.00,16.60,2.24,5.38,11.91,-0.11,7.12,-8.47,-0.10,0.04,1.01,110.07,nan
1858374,261,16,42,46,34.543766,-117.863647,871.30,0.04,91646.96,838.70,53.85,0.00,16.62,3.64,1.92,14.71,3.89,0.49,-0.13,-0.03,0.06,0.99,93.60,nan
1863498,262,16,42,51,34.543766,-117.863647,871.30,0.02,91639.35,839.39,53.70,0.00,16.65,4.44,6.24,6.61,0.58,3.03,-1.23,-0.11,0.08,1.00,99.09,nan
1868622,263,16,42,56,34.543766,-117.863647,871.30,0.06,91638.59,839.46,53.48,0.00,16.70,5.32,7.35,2.38,1.16,0.88,-0.67,-0.13,0.09,0.99,104.58,nan
1873746,264,16,43,1,34.543766,-117.863647,871.30,0.00,91635.60,839.73,53.55,0.00,16.75,5.56,1.37,9.28,-14.87,-8.33,-20.26,-0.02,0.10,1.03,115.56,nan
5720,0,23,59,48,0.000000,0.000000,0.00,0.00,89050.64,1075.86,50.60,0.00,17.09,2.99,5.17,2.37,3.84,1.23,-0.37,-0.09,0.05,0.99,99.09,nan
21154,1,16,43,36,0.000000,0.000000,0.00,0.00,91633.92,839.88,52.48,0.00,17.18,6.98,1.71,14.11,-8.50,-3.12,-7.28,-0.03,0.12,0.99,110.07,nan
26405,2,16,43,42,0.000000,0.000000,0.00,0.00,91645.05,839.11,52.31,0.00,17.19,8.09,2.01,13.65,-6.26,0.64,-2.93,-0.04,0.14,1.00,104.58,nan
31529,3,16,43,47,0.000000,0.000000,0.00,0.00,91651.92,837.77,52.43,0.00,17.13,7.50,4.22,14.82,1.92,0.03,0.22,-0.07,0.13,0.99,104.58,nan
36656,4,16,43,52,0.000000,0.000000,0.00,0.00,91658.75,837.64,52.41,0.00,17.09,5.50,3.41,11.58,4.83,9.73,-8.34,-0.06,0.10,1.00,115.56,nan
41780,5,16,43,57,0.000000,0.000000,0.00,0.00,91648.04,838.60,52.45,0.00,17.08,6.95,3.08,12.18,4.06,1.78,0.00,-0.05,0.12,0.98,115.56,nan
46904,6,16,44,2,0.000000,0.000000,0.00,0.00,91653.75,838.09,52.49,0.00,17.05,6.26,3.23,11.74,0.15,-0.36,-0.12,-0.06,0.11,0.99,104.58,nan
63090,7,16,44,19,0.000000,0.000000,0.00,0.00,91646.50,839.22,53.03,0.00,17.12,3.86,0.90,23.37,3.71,0.07,0.42,-0.02,0.06,0.96,99.09,nan
68325,8,16,44,24,0.000000,0.000000,0.00,0.00,91633.16,839.95,53.13,0.00,17.24,5.85,4.45,21.29,0.45,-0.12,-0.21,-0.08,0.10,0.98,110.07,nan
73530,9,16,44,29,34.543621,-117.863182,863.00,3.15,91638.97,839.42,52.85,0.00,17.34,6.50,4.17,24.14,1.73,-1.61,-0.73,-0.07,0.11,1.00,126.54,nan
78654,10,16,44,34,34.543689,-117.863632,894.60,0.70,91640.92,839.25,52.78,0.00,17.43,3.79,1.17,20.76,4.64,0.10,-0.38,-0.02,0.07,1.00,110.07,nan
83780,11,16,44,39,34.543689,-117.863632,895.10,1.85,91633.34,839.93,52.50,0.00,17.56,5.42,4.20,23.32,0.48,2.02,-1.51,-0.07,0.09,0.99,99.09,nan
88904,12,16,44,44,34.543685,-117.863601,893.50,1.04,91633.75,839.89,52.29,0.00,17.68,5.21,2.72,3.71,-2.00,4.28,2.52,-0.05,0.09,0.97,110.07,nan
105164,13,16,45,1,34.543716,-117.863548,879.10,1.74,91612.79,841.30,51.53,0.00,17.91,6.64,6.06,-1.52,-4.02,-5.50,-1.06,-0.11,0.12,1.00,126.54,nan
110361,14,16,45,6,34.543727,-117.863555,879.30,0.17,91634.64,839.81,51.15,0.00,18.00,9.48,9.87,-13.64,-13.27,-2.91,-6.34,-0.18,0.17,1.00,104.58,nan
115485,15,16,45,11,34.543731,-117.863555,878.80,0.13,91645.75,838.81,51.38,0.00,18.03,12.46,5.28,-9.19,0.94,2.01,-6.62,-0.09,0.21,0.94,110.07,nan
120609,16,16,45,16,34.543731,-117.863555,878.60,0.43,91653.03,838.15,51.21,0.00,18.02,6.65,9.79,-19.45,5.08,5.05,40.50,-0.17,0.11,0.98,115.56,nan
125733,17,16,45,21,34.543731,-117.863563,879.10,0.98,91643.47,839.26,50.92,0.00,18.07,-3.04,17.61,20.98,36.07,-10.68,113.48,-0.31,-0.05,0.98,99.09,nan
130859,18,16,45,26,34.543739,-117.863563,879.10,0.54,91636.96,839.61,50.98,0.00,18.17,12.35,10.99,70.10,3.01,-0.60,0.08,-0.19,0.21,0.96,104.58,nan
147606,19,16,45,43,34.543743,-117.863555,879.20,0.65,91604.07,842.58,50.98,0.00,18.47,8.96,0.65,58.53,0.67,1.59,-0.69,-0.01,0.15,0.98,99.09,nan
152730,20,16,45,48,34.543739,-117.863555,879.20,0.94,91640.10,839.32,50.36,0.00,18.55,-2.71,23.15,-57.72,21.72,-4.47,24.37,-0.37,-0.04,0.85,104.58,nan
157855,21,16,45,53,34.543735,-117.863563,879.50,0.54,91611.38,841.91,50.27,0.00,18.78,-2.10,40.58,-92.93,5.97,-0.02,-0.68,-0.66,-0.03,0.76,93.60,nan
163254,22,16,45,59,34.543735,-117.863571,879.60,1.19,91611.73,842.12,49.85,0.00,19.01,8.70,25.97,144.33,38.68,-0.28,-10.85,-0.46,0.14,0.93,115.56,nan
168588,23,16,46,4,34.543746,-117.863601,879.90,1.02,91563.82,846.21,49.18,0.00,19.57,-1.78,13.83,100.87,-5.11,-2.28,-5.72,-0.25,-0.03,1.03,104.58,nan
173712,24,16,46,9,34.543746,-117.863609,880.10,0.44,91559.00,846.40,48.46,0.00,20.17,8.40,6.86,102.05,-4.59,1.66,2.12,-0.12,0.15,1.01,104.58,nan
190154,25,16,46,26,34.543735,-117.863632,880.40,0.50,91527.18,850.25,45.89,0.00,20.95,8.10,14.38,62.75,-15.82,-6.12,-33.71,-0.24,0.13,0.93,121.05,nan
195325,26,16,46,31,34.543735,-117.863632,880.40,0.43,91611.42,841.91,45.58,0.00,21.15,7.02,8.47,63.89,-1.62,0.36,-2.82,-0.15,0.12,0.97,126.54,nan
200449,27,16,46,36,34.543735,-117.863624,880.40,0.28,91606.24,842.38,45.08,0.00,21.42,3.18,14.16,50.35,6.64,-2.08,-4.84,-0.25,0.05,0.99,121.05,nan
205572,28,16,46,41,34.543739,-117.863624,880.40,0.35,91612.47,841.82,44.30,0.00,21.64,4.58,0.06,59.60,10.17,19.30,-2.42,-0.00,0.08,1.02,110.07,nan
210698,29,16,46,46,34.543743,-117.863632,880.40,0.11,91618.39,841.28,43.86,0.00,21.84,6.39,2.74,65.84,1.04,-0.50,-4.24,-0.05,0.11,0.99,99.09,nan
215822,30,16,46,51,34.543739,-117.863632,880.40,0.09,91612.00,841.86,43.34,0.00,22.03,4.71,5.88,60.88,2.35,8.14,-3.12,-0.10,0.08,0.98,115.56,nan
232584,31,16,47,8,34.543731,-117.863632,880.50,0.54,91546.67,847.76,41.46,0.00,22.70,7.34,-2.49,72.07,11.16,-4.93,-4.43,0.04,0.12,0.95,104.58,nan
237710,32,16,47,13,34.543727,-117.863624,880.40,0.96,91599.63,843.46,40.74,0.00,23.02,2.30,-4.13,69.07,-13.72,0.18,2.18,0.08,0.04,1.10,104.58,nan
242834,33,16,47,18,34.543720,-117.863632,880.60,0.69,91614.11,841.67,40.57,0.00,23.20,1.38,6.71,58.32,28.40,-7.58,21.60,-0.11,0.02,0.93,121.05,nan
247958,34,16,47,23,34.543727,-117.863639,881.00,0.15,91643.56,839.25,40.55,0.00,23.20,9.92,14.82,57.03,-0.99,0.03,-2.45,-0.26,0.17,0.97,99.09,nan
253366,35,16,47,29,34.543727,-117.863632,881.00,0.15,91632.75,840.47,40.53,0.00,23.33,13.62,17.03,44.60,-45.07,8.44,-9.63,-0.30,0.23,0.95,104.58,nan
258580,36,16,47,34,34.543724,-117.863632,881.10,0.57,91631.72,840.08,40.01,0.00,23.42,21.67,22.44,122.27,20.66,-18.85,9.61,-0.38,0.34,0.86,93.60,nan
275109,37,16,47,51,34.543716,-117.863624,881.10,0.11,91613.03,842.01,39.83,0.00,23.70,-1.82,31.44,98.53,-12.91,14.47,-8.50,-0.60,-0.03,0.98,104.58,nan
280305,38,16,47,56,34.543716,-117.863624,881.20,0.52,91655.75,837.91,39.32,0.00,23.67,1.53,-15.20,40.08,13.45,32.92,15.72,0.26,0.03,0.96,93.60,nan
285431,39,16,48,1,34.543716,-117.863616,881.20,0.91,91672.79,836.37,39.69,0.00,23.56,-0.39,2.70,54.28,5.04,-4.21,-5.64,-0.05,-0.01,1.00,110.07,nan
290555,40,16,48,6,34.543716,-117.863616,881.30,0.35,91664.13,837.15,40.34,0.00,23.51,42.71,17.16,128.12,-41.46,-19.40,8.30,-0.32,0.69,0.75,110.07,nan
295680,41,16,48,11,34.543712,-117.863616,881.30,0.46,91677.35,835.96,39.62,0.00,23.32,15.69,4.82,63.87,3.10,-2.23,-2.14,-0.08,0.27,0.96,110.07,nan
300803,42,16,48,16,34.543708,-117.863616,881.30,0.37,91649.11,838.51,38.97,0.00,23.38,16.79,12.53,66.48,-0.91,2.39,-2.75,-0.22,0.29,0.95,110.07,nan
317536,43,16,48,33,34.543708,-117.863616,881.20,0.33,91676.42,836.04,40.32,0.00,23.29,18.87,4.32,79.47,1.20,-0.13,-1.26,-0.07,0.32,0.92,121.05,nan
322660,44,16,48,38,34.543708,-117.863624,881.20,0.15,91659.99,837.53,39.64,0.00,23.24,20.43,5.78,83.48,6.11,-0.56,1.26,-0.10,0.34,0.92,99.09,nan
327784,45,16,48,43,34.543708,-117.863624,881.20,0.31,91638.86,839.19,39.98,0.00,23.34,19.99,0.20,85.49,-5.35,21.83,-0.12,-0.00,0.33,0.90,115.56,nan
332908,46,16,48,48,34.543708,-117.863616,881.20,0.28,91654.88,837.99,39.90,0.00,23.36,22.68,5.42,77.33,-36.14,6.34,-36.82,-0.10,0.40,0.96,88.11,nan
338233,47,16,48,54,34.543712,-117.863616,881.20,0.30,91655.22,837.71,40.03,0.00,23.33,-6.30,7.12,27.52,0.03,-1.37,0.21,-0.12,-0.11,0.99,93.60,nan
343464,48,16,48,59,34.543712,-117.863616,881.20,0.15,91664.14,837.15,40.50,0.00,23.28,-1.67,9.06,27.46,3.00,1.57,0.64,-0.16,-0.03,1.00,99.09,nan
359961,49,16,49,15,34.543712,-117.863624,881.20,0.09,91737.54,831.26,40.30,0.00,22.82,2.04,7.52,32.56,-0.07,-1.48,-1.95,-0.13,0.04,0.99,99.09,nan
365196,50,16,49,21,34.543712,-117.863624,881.20,0.13,91693.50,834.50,40.24,0.00,22.59,-5.79,2.87,22.86,-60.70,35.11,-4.65,-0.07,-0.13,1.31,60.66,nan
370320,51,16,49,26,34.543712,-117.863624,881.20,0.04,91682.67,835.48,40.05,0.00,22.40,8.27,7.02,43.70,4.26,0.60,-3.72,-0.12,0.14,0.96,104.58,nan
375444,52,16,49,31,34.543712,-117.863624,881.20,0.07,91667.10,836.88,40.30,0.00,22.27,7.99,9.90,40.45,0.64,1.51,0.12,-0.17,0.14,0.97,110.07,nan
380568,53,16,49,36,34.543712,-117.863624,881.20,0.04,91658.03,837.70,40.62,0.00,22.24,9.19,10.61,45.10,0.84,-1.77,-0.38,-0.19,0.16,0.98,104.58,nan
385692,54,16,49,41,34.543712,-117.863624,881.20,0.11,91653.47,838.11,40.91,0.00,22.23,11.54,8.93,53.25,-13.35,-2.87,-6.18,-0.15,0.19,0.93,104.58,nan
402495,55,16,49,58,34.543712,-117.863624,881.20,0.04,91658.09,837.70,41.08,0.00,22.20,8.28,7.45,50.86,0.76,-0.08,1.54,-0.13,0.14,1.00,115.56,nan
407621,56,16,50,3,34.543712,-117.863624,881.20,0.11,91647.36,838.66,41.17,0.00,22.23,8.68,6.73,54.23,1.41,1.44,0.86,-0.12,0.15,0.99,104.58,nan
412745,57,16,50,8,34.543712,-117.863624,881.20,0.02,91651.92,838.25,41.28,0.00,22.22,7.09,7.49,53.33,0.86,-1.51,0.35,-0.13,0.12,0.98,115.56,nan
417875,58,16,50,13,34.543712,-117.863624,881.30,0.06,91655.80,837.90,41.49,0.00,22.22,8.42,7.85,52.33,1.01,1.33,0.69,-0.14,0.15,0.99,104.58,nan
423281,59,16,50,19,34.543712,-117.863624,881.30,0.07,91661.19,837.90,41.93,0.00,22.22,8.61,5.38,54.02,2.39,-2.20,-5.20,-0.09,0.15,0.98,104.58,nan
428491,60,16,50,24,34.543712,-117.863624,881.30,0.02,91647.71,838.63,41.87,0.00,22.25,7.15,0.41,59.11,1.61,0.31,0.57,-0.01,0.12,0.97,99.09,nan
445036,61,16,50,41,34.543716,-117.863632,882.00,0.17,91650.35,838.88,40.92,0.00,22.30,7.33,2.32,59.72,1.37,0.25,-0.41,-0.04,0.13,0.99,93.60,nan
450241,62,16,50,46,34.543716,-117.863632,882.30,0.09,91646.44,838.75,40.55,0.00,22.30,9.13,2.81,62.90,2.85,0.57,-0.01,-0.05,0.16,0.99,93.60,nan
455365,63,16,50,51,34.543716,-117.863632,882.50,0.11,91652.61,838.19,40.44,0.00,22.30,15.70,2.07,68.19,-5.23,-6.98,-8.85,-0.04,0.28,1.00,104.58,nan
460491,64,16,50,56,34.543716,-117.863632,882.60,0.11,91641.05,839.24,41.01,0.00,22.34,4.65,6.52,63.92,1.97,0.13,0.86,-0.11,0.08,0.99,88.11,nan
465615,65,16,51,1,34.543716,-117.863632,882.60,0.02,91647.94,838.61,40.61,0.00,22.37,5.26,8.18,65.70,6.50,-3.74,-3.61,-0.14,0.09,1.00,110.07,nan
470739,66,16,51,6,34.543716,-117.863632,882.60,0.02,91649.80,838.45,40.56,0.00,22.41,4.83,7.67,65.87,3.43,0.90,0.03,-0.13,0.08,0.97,104.58,nan
487467,67,16,51,23,34.543716,-117.863639,881.80,0.11,91647.07,838.69,39.34,0.00,22.42,4.22,7.77,66.22,-0.78,1.50,-0.53,-0.13,0.07,0.98,104.58,nan
492590,68,16,51,28,34.543720,-117.863647,881.70,0.13,91632.41,840.01,38.76,0.00,22.53,4.61,7.02,68.07,3.40,-0.76,-2.40,-0.12,0.08,0.98,99.09,nan
497713,69,16,51,33,34.543720,-117.863647,881.60,0.20,91639.21,839.40,38.83,0.00,22.62,5.26,7.38,67.52,2.51,0.81,-0.33,-0.13,0.09,0.99,115.56,nan
502894,70,16,51,38,34.543720,-117.863655,881.50,0.30,91641.38,839.45,38.65,0.00,22.70,5.71,6.38,67.01,1.12,-0.67,-0.20,-0.11,0.10,0.98,88.11,nan
508313,71,16,51,44,34.543716,-117.863655,881.20,0.30,91646.27,838.76,38.07,0.00,22.72,2.61,7.16,66.77,2.71,7.65,2.35,-0.12,0.04,0.97,93.60,nan
513456,72,16,51,49,34.543716,-117.863662,880.90,0.26,91624.28,840.26,37.80,0.00,22.88,5.01,3.56,69.05,2.61,-0.11,-1.26,-0.06,0.09,0.97,110.07,nan
529982,73,16,52,6,34.543716,-117.863662,879.40,0.20,91649.45,839.21,38.37,0.00,22.88,5.72,5.28,68.68,2.74,-1.66,0.74,-0.09,0.10,0.99,110.07,nan
535184,74,16,52,11,34.543712,-117.863662,878.90,0.09,91662.17,837.33,38.51,0.00,22.76,5.49,3.99,69.79,2.76,-0.05,0.21,-0.07,0.09,0.99,110.07,nan
540308,75,16,52,16,34.543712,-117.863670,878.30,0.15,91638.47,839.47,38.45,0.00,22.83,6.21,3.71,70.41,1.71,-0.52,-1.38,-0.06,0.11,0.99,88.11,nan
545432,76,16,52,21,34.543712,-117.863670,877.70,0.11,91635.65,839.72,38.59,0.00,22.98,6.63,4.59,71.75,2.99,-2.06,0.02,-0.08,0.11,0.99,88.11,nan
550556,77,16,52,26,34.543708,-117.863670,877.10,0.13,91607.27,842.28,39.19,0.00,23.26,7.75,4.25,73.46,1.49,-3.68,2.04,-0.07,0.14,0.99,110.07,nan
555683,78,16,52,31,34.543708,-117.863670,876.40,0.22,91604.86,842.50,39.13,0.00,23.53,9.07,3.85,75.44,2.24,-2.66,1.56,-0.07,0.15,0.97,110.07,nan
572402,79,16,52,48,34.543712,-117.863677,874.40,0.20,91554.17,847.08,37.39,0.00,24.15,8.01,4.99,79.41,1.01,2.67,-1.10,-0.09,0.14,0.97,110.07,nan
577526,80,16,52,53,34.543716,-117.863677,873.80,0.13,91601.97,842.52,37.31,0.00,24.45,9.27,4.98,79.65,2.48,-0.85,0.32,-0.09,0.16,0.98,126.54,nan
582650,81,16,52,58,34.543716,-117.863677,873.30,0.07,91620.63,841.08,37.02,0.00,24.65,8.36,4.00,80.59,2.03,0.12,-0.78,-0.07,0.14,0.97,110.07,nan
587808,82,16,53,3,34.543716,-117.863677,872.80,0.15,91619.41,841.19,36.20,0.00,24.83,7.77,3.94,77.08,1.06,0.13,0.42,-0.07,0.13,0.97,93.60,nan
593214,83,16,53,9,34.543716,-117.863677,872.30,0.17,91614.34,841.40,35.74,0.00,25.02,9.36,3.89,77.94,-1.28,-1.09,0.32,-0.07,0.16,0.97,93.60,nan
598424,84,16,53,14,34.543716,-117.863677,872.00,0.13,91613.47,841.72,35.67,0.00,25.25,9.21,3.89,79.09,2.35,0.45,-0.82,-0.07,0.16,0.98,99.09,nan
614973,85,16,53,31,34.543720,-117.863677,871.30,0.04,91558.34,845.73,34.52,0.00,25.77,7.39,0.99,77.28,0.95,3.26,0.16,-0.02,0.13,0.97,93.60,nan
620131,86,16,53,36,34.543720,-117.863677,871.30,0.06,91632.86,839.97,33.90,0.00,25.87,-1.44,-0.62,71.41,6.62,-10.77,-9.00,0.01,-0.03,1.05,88.11,nan
625255,87,16,53,41,34.543720,-117.863677,871.40,0.07,91623.67,840.80,32.87,0.00,26.01,4.57,-1.40,72.06,2.34,-6.97,-2.46,0.02,0.08,0.97,99.09,nan
630381,88,16,53,46,34.543724,-117.863677,871.40,0.15,91626.01,840.59,33.69,0.00,26.20,3.63,0.49,70.68,3.01,-0.60,0.27,-0.01,0.06,1.00,93.60,nan
635505,89,16,53,51,34.543724,-117.863677,871.50,0.02,91613.47,841.72,33.73,0.00,26.41,5.37,2.84,50.34,0.43,-6.99,-13.21,-0.05,0.09,1.00,93.60,nan
640629,90,16,53,56,34.543720,-117.863677,871.60,0.07,91635.31,839.75,33.59,0.00,26.54,3.19,-6.70,64.39,1.78,-2.72,3.47,0.11,0.05,0.98,110.07,nan
657381,91,16,54,13,34.543720,-117.863677,872.40,0.15,91575.60,845.15,32.24,0.00,27.04,5.95,-0.94,72.81,4.10,0.62,-0.13,0.02,0.10,0.99,104.58,nan
662506,92,16,54,18,34.543716,-117.863685,872.70,0.07,91621.75,840.98,32.10,0.00,27.25,4.48,-1.95,66.89,2.05,-1.91,8.27,0.03,0.08,0.99,93.60,nan
667630,93,16,54,23,34.543716,-117.863685,873.00,0.15,91614.89,841.60,31.70,0.00,27.50,6.62,-0.68,73.32,1.86,-0.53,-0.58,0.01,0.12,1.01,104.58,nan
672928,94,16,54,29,34.543716,-117.863685,873.40,0.09,91631.16,840.62,31.12,0.00,27.67,3.38,-0.35,69.96,0.88,-1.16,2.41,0.01,0.06,0.98,99.09,nan
678270,95,16,54,34,34.543716,-117.863685,873.70,0.11,91616.19,840.74,30.94,0.00,27.87,5.08,1.06,73.98,5.03,-5.37,-1.86,-0.02,0.09,1.00,93.60,nan
683394,96,16,54,39,34.543716,-117.863685,873.90,0.06,91627.58,840.45,30.72,0.00,28.01,5.06,-0.59,73.78,0.47,1.87,-2.30,0.01,0.09,0.99,99.09,nan
699915,97,16,54,56,34.543716,-117.863685,874.30,0.07,91595.18,843.62,29.29,0.00,28.39,4.39,-2.09,72.11,0.39,2.20,-0.45,0.04,0.08,0.98,104.58,nan
705078,98,16,55,1,34.543716,-117.863685,874.30,0.17,91612.03,841.85,29.85,0.00,28.66,3.57,-2.00,71.72,3.60,-1.23,-0.69,0.03,0.06,0.99,99.09,nan
710204,99,16,55,6,34.543716,-117.863677,874.30,0.17,91660.50,837.48,29.29,0.00,28.59,3.56,-1.98,71.12,2.57,-2.73,1.28,0.03,0.06,0.99,99.09,nan
715328,100,16,55,11,34.543716,-117.863677,874.30,0.07,91652.57,838.19,29.06,0.00,28.56,1.79,0.36,75.52,4.33,1.38,-4.49,-0.01,0.03,1.03,93.60,nan
720452,101,16,55,16,34.543716,-117.863677,874.30,0.04,91646.05,838.78,28.59,0.00,28.57,2.89,-0.18,74.69,-1.17,3.55,2.21,0.00,0.05,0.98,115.56,nan
725578,102,16,55,21,34.543716,-117.863677,874.30,0.06,91660.45,837.48,28.96,0.00,28.47,5.00,-0.32,74.67,1.13,-3.96,1.31,0.01,0.09,1.00,104.58,nan
742344,103,16,55,38,34.543716,-117.863677,874.20,0.07,91629.66,840.26,28.51,0.00,28.59,12.41,-8.81,78.35,10.71,0.16,-5.86,0.15,0.21,0.96,104.58,nan
747468,104,16,55,43,34.543716,-117.863677,874.20,0.06,91668.92,836.72,28.73,0.00,28.44,-2.45,8.43,56.75,2.83,-3.96,1.55,-0.15,-0.04,0.98,104.58,nan
752592,105,16,55,48,34.543716,-117.863677,874.20,0.09,91660.50,837.48,29.53,0.00,28.39,2.03,4.93,61.64,1.45,2.53,-0.88,-0.08,0.03,0.98,110.07,nan
757905,106,16,55,54,34.543716,-117.863677,874.10,0.13,91671.21,836.51,29.29,0.00,28.26,2.51,4.58,65.14,-0.52,-2.05,0.32,-0.08,0.04,1.00,93.60,nan
763208,107,16,55,59,34.543720,-117.863677,874.10,0.15,91682.15,835.52,29.30,0.00,28.02,8.38,0.70,64.11,36.24,-20.10,-3.96,-0.01,0.15,1.00,104.58,nan
768332,108,16,56,4,34.543720,-117.863685,874.10,0.09,91636.75,839.62,29.89,0.00,28.09,5.98,2.19,37.44,5.35,0.06,-15.34,-0.04,0.10,0.98,99.09,nan
784855,109,16,56,21,34.543727,-117.863693,873.90,0.30,91707.29,833.26,29.79,0.00,27.72,5.25,6.47,57.20,2.00,-1.56,0.31,-0.11,0.09,0.97,99.09,nan
790034,110,16,56,26,34.543731,-117.863693,873.90,0.20,91661.88,837.35,29.45,0.00,27.61,5.94,6.92,60.47,3.50,-1.38,-0.67,-0.12,0.10,0.97,104.58,nan
795158,111,16,56,31,34.543731,-117.863693,873.90,0.22,91645.91,838.80,29.99,0.00,27.64,6.48,5.73,61.91,2.30,-0.52,-0.93,-0.10,0.11,0.98,88.11,nan
800282,112,16,56,36,34.543731,-117.863693,873.80,0.06,91650.48,838.38,30.06,0.00,27.65,7.37,4.40,62.46,2.88,0.05,1.76,-0.08,0.13,0.98,99.09,nan
805408,113,16,56,41,34.543731,-117.863685,873.80,0.17,91643.10,839.05,30.34,0.00,27.71,9.30,-4.29,42.64,3.33,0.40,6.58,0.07,0.16,0.96,99.09,nan
810532,114,16,56,46,34.543731,-117.863685,873.80,0.31,91661.14,837.42,29.87,0.00,27.63,5.35,3.58,32.53,6.64,2.80,-5.15,-0.07,0.10,1.04,110.07,nan
827268,115,16,57,3,34.543720,-117.863677,873.80,0.17,91667.24,836.87,30.91,0.00,27.52,-0.23,9.48,41.42,0.52,-1.35,-0.29,-0.16,-0.00,0.98,93.60,nan
832394,116,16,57,8,34.543720,-117.863677,873.80,0.06,91726.68,831.51,31.14,0.00,27.04,4.70,18.69,40.06,2.27,-0.77,1.02,-0.33,0.08,0.96,99.09,nan
837518,117,16,57,13,34.543720,-117.863677,873.80,0.06,91727.00,831.48,30.87,0.00,26.52,3.89,20.33,37.48,1.30,0.77,8.62,-0.35,0.06,0.95,121.05,nan
842648,118,16,57,18,34.543720,-117.863677,873.80,0.06,91695.50,834.32,31.02,0.00,26.19,5.59,-8.69,63.84,-13.97,36.78,23.04,0.14,0.09,0.89,104.58,nan
848057,119,16,57,24,34.543720,-117.863677,873.80,0.02,91683.25,835.18,31.80,0.00,25.92,4.99,-5.37,82.26,3.19,-1.91,2.28,0.09,0.09,0.98,88.11,nan
853269,120,16,57,29,34.543720,-117.863677,873.80,0.02,91631.28,840.12,31.87,0.00,26.12,5.39,-3.12,91.49,7.95,5.41,0.22,0.05,0.09,0.98,99.09,nan
869821,121,16,57,46,34.543720,-117.863677,873.80,0.04,91566.78,846.19,32.11,0.00,26.70,-13.17,-11.06,56.36,2.12,5.18,1.82,0.18,-0.21,0.91,88.11,nan
5718,0,23,59,48,0.000000,0.000000,0.00,0.00,87651.21,1206.02,32.73,0.00,26.30,-94.75,3.73,8.41,8.24,0.30,-0.77,-0.06,-0.96,-0.08,82.62,nan
21078,1,17,38,37,0.000000,0.000000,0.00,0.00,91580.59,844.69,34.33,0.00,26.14,-94.37,-1.83,7.87,0.59,0.87,-1.56,0.03,-0.93,-0.07,66.15,nan
26201,2,17,38,43,0.000000,0.000000,0.00,0.00,91539.19,848.44,34.41,0.00,26.11,-94.55,0.89,6.40,-2.17,-4.13,11.14,-0.02,-1.01,-0.08,71.64,nan
31323,3,17,38,48,0.000000,0.000000,0.00,0.00,91521.83,850.01,34.56,0.00,26.06,-88.94,-0.85,7.91,-12.34,2.51,1.34,0.01,-1.00,0.02,82.62,nan
36447,4,17,38,53,0.000000,0.000000,0.00,0.00,91489.82,852.90,34.30,0.00,26.01,-104.25,1.14,8.34,-8.26,-1.52,3.40,-0.02,-0.87,-0.22,82.62,nan
41572,5,17,38,58,0.000000,0.000000,0.00,0.00,91471.37,854.57,34.38,0.00,25.94,-96.79,1.55,8.65,5.92,-0.23,-2.57,-0.03,-1.06,-0.13,93.60,nan
46696,6,17,39,3,0.000000,0.000000,0.00,0.00,91452.58,856.27,34.24,0.00,25.89,-97.19,4.78,7.98,3.25,0.74,-5.78,-0.09,-1.11,-0.14,88.11,nan
62180,7,17,39,19,0.000000,0.000000,0.00,0.00,91398.11,861.20,35.33,0.00,25.76,-49.20,-10.09,6.80,-85.45,-45.03,-44.10,0.17,-0.72,0.62,115.56,nan
67305,8,17,39,24,0.000000,0.000000,0.00,0.00,91379.12,862.91,34.87,0.00,25.57,-84.79,22.16,-7.77,3.58,0.51,-4.10,-0.38,-0.92,0.08,60.66,nan
72429,9,17,39,29,0.000000,0.000000,0.00,0.00,91358.42,864.79,34.91,0.00,25.41,-85.33,10.91,-0.07,8.03,4.35,0.67,-0.18,-0.94,0.08,71.64,nan
77553,10,17,39,34,0.000000,0.000000,0.00,0.00,91334.13,866.99,34.86,0.00,25.26,-78.46,17.44,-4.32,-0.48,0.02,-1.69,-0.30,-0.94,0.19,60.66,nan
82679,11,17,39,39,0.000000,0.000000,0.00,0.00,91308.64,869.29,35.01,0.00,25.14,-75.66,15.99,-1.99,8.09,4.98,-8.41,-0.25,-0.85,0.22,71.64,nan
87802,12,17,39,44,0.000000,0.000000,0.00,0.00,91285.00,871.43,35.13,0.00,25.02,-78.04,23.29,-7.82,4.84,-3.75,-11.43,-0.38,-0.85,0.18,60.66,nan
103729,13,17,40,0,0.000000,0.000000,0.00,0.00,91223.46,877.01,35.62,0.00,24.69,-74.12,24.06,-1.12,-1.30,18.05,-14.18,-0.41,-0.88,0.25,60.66,nan
5712,0,23,59,48,0.000000,0.000000,0.00,0.00,87861.48,1186.36,40.87,0.00,22.59,-24.40,10.69,-61.53,11.85,6.34,-7.44,-0.20,-0.43,0.95,77.13,nan
20864,1,0,0,3,0.000000,0.000000,0.00,0.00,91254.49,874.20,43.99,0.00,22.67,-92.59,1.89,-53.37,1.43,0.92,0.33,-0.03,-0.98,-0.04,49.68,nan
5714,0,23,59,48,0.000000,0.000000,0.00,0.00,84244.24,1530.09,40.50,0.00,22.36,-62.62,10.31,-32.05,1.02,-0.85,0.66,-0.17,-0.85,0.44,82.62,nan
20885,1,20,57,21,0.000000,0.000000,0.00,0.00,87688.58,1202.53,42.08,0.00,22.30,-30.63,23.94,-82.14,-31.27,-44.10,124.29,-0.42,-0.49,0.82,82.62,nan
26009,2,20,57,26,0.000000,0.000000,0.00,0.00,87708.72,1200.64,42.17,0.00,22.29,8.04,-16.66,-16.59,-17.97,5.04,18.36,0.28,0.13,0.92,99.09,nan
31134,3,20,57,31,0.000000,0.000000,0.00,0.00,87821.13,1190.13,42.27,0.00,22.30,-4.31,-19.98,-45.05,3.80,4.76,-8.99,0.36,-0.07,0.98,82.62,nan
36257,4,20,57,36,0.000000,0.000000,0.00,0.00,87929.63,1179.99,42.50,0.00,22.30,11.64,-12.29,-55.57,0.90,0.16,-2.26,0.21,0.19,0.93,88.11,nan
41518,5,20,57,42,0.000000,0.000000,0.00,0.00,88032.75,1170.37,42.75,0.00,22.30,2.30,-17.00,-57.27,2.54,2.85,-0.01,0.34,0.04,1.11,99.09,nan
46644,6,20,57,47,0.000000,0.000000,0.00,0.00,88110.88,1163.09,43.22,0.00,22.33,-2.27,-16.54,-56.58,2.11,1.89,3.58,0.28,-0.04,0.95,93.60,nan
62046,7,20,58,2,0.000000,0.000000,0.00,0.00,88400.16,1136.16,42.55,0.00,22.34,-0.99,-21.31,-22.87,-1.78,1.11,4.16,0.34,-0.02,0.88,82.62,nan
67170,8,20,58,7,0.000000,0.000000,0.00,0.00,88507.46,1126.19,42.55,0.00,22.36,-7.01,-15.46,-8.70,4.82,-2.78,-2.34,0.27,-0.12,0.97,82.62,nan
72294,9,20,58,12,0.000000,0.000000,0.00,0.00,88599.32,1117.66,42.11,0.00,22.37,-3.15,-14.92,6.99,-0.34,1.01,0.56,0.25,-0.05,0.94,93.60,nan
77522,10,20,58,18,0.000000,0.000000,0.00,0.00,88686.30,1109.59,42.11,0.00,22.36,-4.87,-18.71,22.28,2.12,2.67,5.61,0.29,-0.07,0.84,93.60,nan
82646,11,20,58,23,0.000000,0.000000,0.00,0.00,88782.57,1100.67,42.17,0.00,22.37,-4.73,-19.42,32.97,1.18,6.46,2.49,0.33,-0.08,0.94,99.09,nan
87769,12,20,58,28,0.000000,0.000000,0.00,0.00,88861.47,1093.11,42.04,0.00,22.37,-7.97,-19.62,45.44,1.36,3.23,2.31,0.32,-0.12,0.89,93.60,nan
103296,13,20,58,43,0.000000,0.000000,0.00,0.00,89171.41,1064.71,42.12,0.00,22.35,-6.09,-16.42,80.07,-2.16,-0.79,0.95,0.25,-0.09,0.84,93.60,nan
108517,14,20,58,49,0.000000,0.000000,0.00,0.00,89295.10,1053.54,42.06,0.00,22.36,-9.30,-13.03,89.95,4.92,-1.93,-2.44,0.24,-0.17,1.02,82.62,nan
113641,15,20,58,54,0.000000,0.000000,0.00,0.00,89347.78,1048.44,41.58,0.00,22.34,1.75,-16.02,93.26,-3.12,2.13,5.19,0.30,0.03,1.05,88.11,nan
118765,16,20,58,59,0.000000,0.000000,0.00,0.00,89536.94,1031.02,42.09,0.00,22.36,-2.75,-17.60,90.85,2.85,-0.52,-0.95,0.31,-0.05,0.99,77.13,nan
123889,17,20,59,4,0.000000,0.000000,0.00,0.00,89556.08,1029.26,42.00,0.00,22.35,-1.06,-19.74,90.25,-0.64,5.87,-0.44,0.33,-0.02,0.91,88.11,nan
129014,18,20,59,9,0.000000,0.000000,0.00,0.00,89615.83,1023.76,42.05,0.00,22.36,2.04,-12.25,90.00,1.74,3.39,-0.36,0.22,0.04,1.00,82.62,nan
145285,19,20,59,25,0.000000,0.000000,0.00,0.00,89814.85,1005.48,41.99,0.00,22.37,-4.76,-18.73,86.59,0.92,4.67,1.50,0.30,-0.07,0.89,88.11,nan
150587,20,20,59,31,0.000000,0.000000,0.00,0.00,89837.91,1003.36,41.85,0.00,22.37,-5.88,-16.52,82.97,2.82,-0.53,-4.17,0.26,-0.09,0.89,93.60,nan
155714,21,20,59,36,0.000000,0.000000,0.00,0.00,89924.17,995.45,41.86,0.00,22.38,-4.81,-18.08,85.26,2.63,1.79,-2.45,0.30,-0.08,0.91,99.09,nan
160838,22,20,59,41,0.000000,0.000000,0.00,0.00,90108.24,978.59,41.85,0.00,22.36,-2.35,-20.35,87.37,-1.52,-0.67,1.08,0.35,-0.04,0.95,93.60,nan
165962,23,20,59,46,0.000000,0.000000,0.00,0.00,90173.38,972.63,41.89,0.00,22.37,-7.39,-18.76,93.27,6.03,0.12,1.40,0.31,-0.12,0.91,82.62,nan
171086,24,20,59,51,0.000000,0.000000,0.00,0.00,90274.63,963.86,42.12,0.00,22.37,-4.71,-18.45,98.62,4.95,2.77,-0.33,0.32,-0.08,0.96,88.11,nan
186792,25,21,0,6,34.321640,-117.489921,181.30,34.85,90490.32,943.67,42.46,0.00,22.36,-3.61,-14.06,106.25,2.10,2.39,-0.55,0.24,-0.06,0.94,93.60,nan
191916,26,21,0,12,34.320125,-117.489166,180.60,54.62,90579.71,935.52,42.46,0.00,22.36,-7.88,-19.89,108.08,2.97,3.26,0.42,0.33,-0.12,0.90,93.60,nan
197039,27,21,0,17,34.319297,-117.489006,179.80,57.28,90661.36,928.08,42.40,0.00,22.35,-7.97,-18.37,110.84,1.44,2.87,0.34,0.33,-0.14,0.97,99.09,nan
202475,28,21,0,23,34.318035,-117.488121,178.90,64.43,90746.14,920.12,42.14,0.00,22.37,-5.56,-19.38,115.14,1.38,-2.38,-0.50,0.34,-0.09,0.96,88.11,nan
207599,29,21,0,28,34.313667,-117.477188,954.60,106.16,90799.64,915.50,42.24,0.00,22.37,-7.29,-19.00,118.08,2.57,6.25,1.85,0.34,-0.12,0.98,99.09,nan
212723,30,21,0,33,34.312690,-117.476097,968.10,103.27,90877.83,908.38,42.33,0.00,22.38,-7.23,-15.30,121.27,-0.88,-2.23,-0.32,0.27,-0.12,0.98,82.62,nan
229368,31,21,0,50,34.309444,-117.472335,940.60,105.32,91087.71,889.32,42.25,0.00,22.38,-3.09,-22.46,119.26,-1.41,1.63,3.04,0.39,-0.05,0.94,88.11,nan
234494,32,21,0,55,34.308467,-117.471153,932.90,113.95,91157.82,882.96,42.06,0.00,22.39,-3.92,-21.42,120.54,1.36,-0.56,0.11,0.34,-0.06,0.87,82.62,nan
239618,33,21,1,0,34.307422,-117.469902,925.80,115.58,91210.60,878.18,42.14,0.00,22.37,-2.36,-14.48,119.09,-4.93,0.36,2.09,0.25,-0.04,0.98,88.11,nan
244741,34,21,1,5,34.306438,-117.468750,919.10,106.56,91252.64,874.37,42.28,0.00,22.38,-9.36,-19.98,121.60,2.35,0.79,1.12,0.33,-0.15,0.91,93.60,nan
249867,35,21,1,10,34.305522,-117.467590,912.70,107.34,91281.86,871.72,42.31,0.00,22.40,-8.74,-11.84,126.84,0.86,-1.81,1.24,0.21,-0.15,1.00,88.11,nan
254991,36,21,1,15,34.304843,-117.466148,908.30,99.54,91311.88,869.00,42.22,0.00,22.41,-11.04,-18.97,132.54,-1.06,1.48,4.77,0.33,-0.18,0.94,99.09,nan
271320,37,21,1,32,34.302886,-117.461509,892.20,101.86,91350.41,865.51,42.11,0.00,22.41,1.63,-14.84,116.75,-1.81,0.63,1.62,0.26,0.03,0.99,88.11,nan
276443,38,21,1,37,34.302036,-117.460479,888.10,93.64,91378.13,863.00,42.19,0.00,22.42,-0.68,-20.78,107.55,-0.83,2.44,-3.05,0.37,-0.01,0.97,88.11,nan
281569,39,21,1,42,34.301059,-117.459617,885.00,97.79,91336.49,866.77,42.42,0.00,22.43,-4.69,-17.69,104.38,3.51,-0.81,-3.22,0.33,-0.08,1.02,99.09,nan
286693,40,21,1,47,34.299980,-117.458801,881.80,102.29,91396.60,861.33,42.37,0.00,22.45,-9.21,-15.68,102.42,3.58,-2.21,2.77,0.25,-0.14,0.89,99.09,nan
291817,41,21,1,52,34.298900,-117.457969,877.60,103.82,91400.39,860.99,42.15,0.00,22.44,-8.20,-10.00,65.69,9.83,14.31,-0.12,0.18,-0.14,1.00,126.54,nan
296943,42,21,1,57,34.297878,-117.457153,874.00,92.58,91415.07,859.66,42.15,0.00,22.44,-10.36,-13.24,90.48,1.78,1.01,-0.67,0.22,-0.17,0.93,82.62,nan
313161,43,21,2,14,34.294296,-117.454345,864.50,105.58,91436.64,857.71,41.99,0.00,22.46,-8.10,-16.00,97.78,1.04,0.79,0.05,0.27,-0.13,0.92,88.11,nan
318406,44,21,2,19,34.293243,-117.453552,862.70,96.86,91465.92,855.06,42.35,0.00,22.46,-2.60,-14.65,91.22,-2.07,-0.33,-1.39,0.25,-0.04,0.96,93.60,nan
323532,45,21,2,24,34.292221,-117.452941,861.50,89.99,91468.63,854.81,42.59,0.00,22.48,-2.84,-12.60,87.07,1.21,0.95,-1.22,0.22,-0.05,1.00,93.60,nan
328656,46,21,2,29,34.291259,-117.452552,858.90,76.36,91496.71,852.28,42.44,0.00,22.49,-5.64,-15.50,79.34,4.26,1.28,-1.12,0.25,-0.09,0.90,99.09,nan
333780,47,21,2,34,34.290431,-117.452308,858.90,64.41,91513.64,850.75,42.20,0.00,22.48,-6.27,-13.98,71.95,2.00,7.48,0.50,0.26,-0.11,1.02,88.11,nan
338904,48,21,2,39,34.289649,-117.452125,857.40,64.12,91514.82,850.64,42.06,0.00,22.49,-11.83,-18.84,108.99,-7.63,-5.04,0.78,0.24,-0.14,0.69,143.01,nan
355098,49,21,2,56,34.287937,-117.452033,854.00,24.17,91576.45,844.83,42.31,0.00,22.48,-14.47,-17.88,52.69,1.13,2.93,-1.69,0.30,-0.23,0.90,93.60,nan
360324,50,21,3,1,34.287601,-117.452064,855.20,32.69,91584.94,844.30,42.05,0.00,22.48,-5.80,-14.60,57.61,-1.28,1.51,-1.02,0.25,-0.10,0.96,93.60,nan
365448,51,21,3,6,34.287281,-117.452072,857.80,16.80,91598.42,843.08,42.12,0.00,22.50,0.08,-4.36,53.55,-0.87,0.60,0.68,0.08,0.00,0.99,82.62,nan
370574,52,21,3,11,34.287231,-117.452087,858.80,2.61,91602.25,842.74,42.37,0.00,22.51,-3.74,-9.70,56.95,-2.17,0.14,2.62,0.17,-0.06,0.97,82.62,nan
375698,53,21,3,16,34.287231,-117.452079,858.80,0.00,91600.32,842.91,42.52,0.00,22.53,-6.03,-17.36,58.74,0.88,1.14,0.25,0.29,-0.10,0.93,88.11,nan
380822,54,21,3,21,34.287162,-117.452087,859.50,10.50,91601.44,842.81,42.17,0.00,22.51,-7.28,-20.66,56.41,-1.53,1.08,0.21,0.37,-0.13,0.98,82.62,nan
397593,55,21,3,38,34.285686,-117.452201,868.60,53.04,91619.95,841.14,42.46,0.00,22.55,-5.00,-13.77,59.22,6.38,2.78,-0.01,0.24,-0.08,0.96,82.62,nan
402719,56,21,3,43,34.285041,-117.452239,870.30,49.12,91628.75,840.34,42.42,0.00,22.57,-7.06,-12.51,53.39,3.42,-0.13,0.51,0.20,-0.11,0.91,88.11,nan
407843,57,21,3,48,34.284385,-117.452278,871.20,56.08,91647.24,838.67,41.85,0.00,22.54,-6.75,-11.67,59.46,1.15,1.20,-0.27,0.22,-0.12,1.05,88.11,nan
412967,58,21,3,53,34.283683,-117.452339,872.10,56.95,91675.05,836.41,42.26,0.00,22.57,-5.12,-16.04,59.22,3.26,1.01,2.77,0.28,-0.09,0.97,77.13,nan
418387,59,21,3,59,34.282886,-117.452392,873.00,51.19,91682.30,835.51,42.03,0.00,22.58,-7.79,-13.88,61.15,5.01,1.06,0.00,0.25,-0.14,1.01,88.11,nan
423511,60,21,4,4,34.282180,-117.452461,873.80,55.95,91700.01,833.91,42.21,0.00,22.59,0.60,-13.97,65.63,-8.46,4.87,1.52,0.24,0.01,0.97,88.11,nan
440036,61,21,4,20,34.280384,-117.452384,876.30,36.28,91756.27,828.59,41.67,0.00,22.60,-2.70,-17.12,75.95,-0.42,1.09,-1.38,0.29,-0.04,0.96,82.62,nan
445275,62,21,4,26,34.279830,-117.452285,876.50,38.97,91770.53,827.55,41.44,0.00,22.59,-3.06,-13.24,82.57,2.34,0.03,0.90,0.23,-0.05,0.96,82.62,nan
450401,63,21,4,31,34.279396,-117.452178,876.50,36.50,91795.99,825.25,41.42,0.00,22.60,-3.70,-18.54,86.35,2.18,-0.56,3.34,0.29,-0.06,0.86,82.62,nan
455525,64,21,4,36,34.278972,-117.452064,877.30,36.93,91805.60,824.39,41.33,0.00,22.59,-0.58,-17.28,89.29,1.50,2.40,0.28,0.31,-0.01,0.99,93.60,nan
5718,0,23,59,48,0.000000,0.000000,0.00,0.00,95449.03,500.81,55.75,0.00,21.73,0.36,-1.50,25.77,0.69,1.46,-0.34,0.03,0.01,1.00,88.11,nan
20865,1,0,0,3,0.000000,0.000000,0.00,0.00,98994.30,195.85,58.02,0.00,21.76,0.72,-1.09,25.74,1.64,0.23,0.86,0.02,0.01,1.00,88.11,nan
25987,2,0,0,8,0.000000,0.000000,0.00,0.00,98993.07,195.95,57.75,0.00,21.77,0.07,-1.49,25.79,0.49,0.94,0.18,0.03,0.00,1.00,93.60,nan
31109,3,0,0,13,0.000000,0.000000,0.00,0.00,99000.91,195.29,57.71,0.00,21.77,0.85,-1.56,25.57,-0.71,3.95,0.35,0.03,0.01,0.99,99.09,nan
36232,4,0,0,18,0.000000,0.000000,0.00,0.00,99000.91,195.29,58.25,0.00,21.76,4.43,-3.95,66.25,1.10,0.78,0.12,0.07,0.08,0.99,104.58,nan
41489,5,0,0,24,0.000000,0.000000,0.00,0.00,99001.96,195.20,57.91,0.00,21.77,4.31,-4.17,67.53,0.58,1.02,0.28,0.07,0.07,0.99,99.09,nan
46612,6,0,0,29,0.000000,0.000000,0.00,0.00,98998.21,195.52,57.98,0.00,21.77,4.45,-4.38,66.92,0.81,1.01,0.18,0.08,0.08,0.99,99.09,nan
61844,7,0,0,44,0.000000,0.000000,0.00,0.00,99003.61,195.06,57.78,0.00,21.77,1.93,1.78,100.75,-35.60,3.14,58.98,-0.03,0.03,1.01,99.09,nan
66967,8,0,0,49,0.000000,0.000000,0.00,0.00,98995.51,195.74,57.93,0.00,21.77,3.54,0.02,-171.06,4.94,1.30,18.71,-0.00,0.06,1.00,88.11,nan
